log_id,employee_id,access_point,timestamp,access_type,date,hour,day_of_week,after_hours,Name ,Role,Department,status,Join_Date,Termination_Date,post_termination_access,after_hours_access,post_term_flag,after_hours_flag
1,EMP789,Storage Room,23-02-2025 17:00,authorized,23-02-2025,17,Sunday,FALSE,Alice,SDE2,IT,Active,01-06-2021,,FALSE,FALSE,0,0
2,EMP789,Storage Room,21-02-2025 07:00,authorized,21-02-2025,7,Friday,TRUE,Alice,SDE2,IT,Active,01-06-2021,,FALSE,TRUE,0,1
3,EMP123,Storage Room,23-02-2025 04:00,authorized,23-02-2025,4,Sunday,TRUE,Harry,HR,Executive,Active,15-01-2022,,FALSE,TRUE,0,1
4,EMP789,Pharmacy Room,22-02-2025 11:00,authorized,22-02-2025,11,Saturday,FALSE,Alice,SDE2,IT,Active,01-06-2021,,FALSE,FALSE,0,0
5,EMP789,Pharmacy Room,20-02-2025 16:00,authorized,20-02-2025,16,Thursday,FALSE,Alice,SDE2,IT,Active,01-06-2021,,FALSE,FALSE,0,0
6,EMP456,Storage Room,21-02-2025 06:00,authorized,21-02-2025,6,Friday,TRUE,Ben,Sales,Executive,Terminated,20-03-2020,01-09-2023,TRUE,TRUE,1,1
7,EMP456,Main Entrance,20-02-2025 03:00,authorized,20-02-2025,3,Thursday,TRUE,Ben,Sales,Executive,Terminated,20-03-2020,01-09-2023,TRUE,TRUE,1,1
8,EMP123,Storage Room,16-02-2025 23:00,authorized,16-02-2025,23,Sunday,TRUE,Harry,HR,Executive,Active,15-01-2022,,FALSE,TRUE,0,1
9,EMP789,Main Entrance,15-02-2025 09:00,authorized,15-02-2025,9,Saturday,FALSE,Alice,SDE2,IT,Active,01-06-2021,,FALSE,FALSE,0,0
10,EMP456,Pharmacy Room,15-02-2025 23:00,authorized,15-02-2025,23,Saturday,TRUE,Ben,Sales,Executive,Terminated,20-03-2020,01-09-2023,TRUE,TRUE,1,1
11,EMP456,Pharmacy Room,18-02-2025 22:00,authorized,18-02-2025,22,Tuesday,TRUE,Ben,Sales,Executive,Terminated,20-03-2020,01-09-2023,TRUE,TRUE,1,1
12,EMP456,Pharmacy Room,20-02-2025 23:00,authorized,20-02-2025,23,Thursday,TRUE,Ben,Sales,Executive,Terminated,20-03-2020,01-09-2023,TRUE,TRUE,1,1
13,EMP789,Storage Room,17-02-2025 17:00,authorized,17-02-2025,17,Monday,FALSE,Alice,SDE2,IT,Active,01-06-2021,,FALSE,FALSE,0,0
14,EMP123,Main Entrance,24-02-2025 13:00,authorized,24-02-2025,13,Monday,FALSE,Harry,HR,Executive,Active,15-01-2022,,FALSE,FALSE,0,0
15,EMP123,Main Entrance,15-02-2025 02:00,authorized,15-02-2025,2,Saturday,TRUE,Harry,HR,Executive,Active,15-01-2022,,FALSE,TRUE,0,1
16,EMP789,Main Entrance,19-02-2025 19:00,authorized,19-02-2025,19,Wednesday,TRUE,Alice,SDE2,IT,Active,01-06-2021,,FALSE,TRUE,0,1
17,EMP123,Main Entrance,16-02-2025 11:00,authorized,16-02-2025,11,Sunday,FALSE,Harry,HR,Executive,Active,15-01-2022,,FALSE,FALSE,0,0
18,EMP123,Main Entrance,24-02-2025 15:00,authorized,24-02-2025,15,Monday,FALSE,Harry,HR,Executive,Active,15-01-2022,,FALSE,FALSE,0,0
19,EMP456,Storage Room,20-02-2025 07:00,authorized,20-02-2025,7,Thursday,TRUE,Ben,Sales,Executive,Terminated,20-03-2020,01-09-2023,TRUE,TRUE,1,1
20,EMP789,Pharmacy Room,19-02-2025 07:00,authorized,19-02-2025,7,Wednesday,TRUE,Alice,SDE2,IT,Active,01-06-2021,,FALSE,TRUE,0,1
21,EMP123,Storage Room,21-02-2025 19:00,authorized,21-02-2025,19,Friday,TRUE,Harry,HR,Executive,Active,15-01-2022,,FALSE,TRUE,0,1
22,EMP123,Storage Room,17-02-2025 17:00,authorized,17-02-2025,17,Monday,FALSE,Harry,HR,Executive,Active,15-01-2022,,FALSE,FALSE,0,0
23,EMP456,Storage Room,23-02-2025 02:00,authorized,23-02-2025,2,Sunday,TRUE,Ben,Sales,Executive,Terminated,20-03-2020,01-09-2023,TRUE,TRUE,1,1
24,EMP789,Pharmacy Room,24-02-2025 21:00,authorized,24-02-2025,21,Monday,TRUE,Alice,SDE2,IT,Active,01-06-2021,,FALSE,TRUE,0,1
25,EMP123,Storage Room,15-02-2025 01:00,authorized,15-02-2025,1,Saturday,TRUE,Harry,HR,Executive,Active,15-01-2022,,FALSE,TRUE,0,1
26,EMP789,Main Entrance,18-02-2025 09:00,authorized,18-02-2025,9,Tuesday,FALSE,Alice,SDE2,IT,Active,01-06-2021,,FALSE,FALSE,0,0
27,EMP123,Pharmacy Room,22-02-2025 02:00,authorized,22-02-2025,2,Saturday,TRUE,Harry,HR,Executive,Active,15-01-2022,,FALSE,TRUE,0,1
28,EMP456,Main Entrance,23-02-2025 19:00,authorized,23-02-2025,19,Sunday,TRUE,Ben,Sales,Executive,Terminated,20-03-2020,01-09-2023,TRUE,TRUE,1,1
29,EMP456,Storage Room,16-02-2025 10:00,authorized,16-02-2025,10,Sunday,FALSE,Ben,Sales,Executive,Terminated,20-03-2020,01-09-2023,TRUE,FALSE,1,0
30,EMP123,Storage Room,22-02-2025 06:00,authorized,22-02-2025,6,Saturday,TRUE,Harry,HR,Executive,Active,15-01-2022,,FALSE,TRUE,0,1
31,EMP123,Storage Room,16-02-2025 07:00,authorized,16-02-2025,7,Sunday,TRUE,Harry,HR,Executive,Active,15-01-2022,,FALSE,TRUE,0,1
32,EMP123,Main Entrance,15-02-2025 18:00,authorized,15-02-2025,18,Saturday,FALSE,Harry,HR,Executive,Active,15-01-2022,,FALSE,FALSE,0,0
33,EMP789,Main Entrance,23-02-2025 20:00,authorized,23-02-2025,20,Sunday,TRUE,Alice,SDE2,IT,Active,01-06-2021,,FALSE,TRUE,0,1
34,EMP123,Main Entrance,22-02-2025 01:00,authorized,22-02-2025,1,Saturday,TRUE,Harry,HR,Executive,Active,15-01-2022,,FALSE,TRUE,0,1
35,EMP456,Pharmacy Room,23-02-2025 06:00,authorized,23-02-2025,6,Sunday,TRUE,Ben,Sales,Executive,Terminated,20-03-2020,01-09-2023,TRUE,TRUE,1,1
36,EMP123,Storage Room,21-02-2025 09:00,authorized,21-02-2025,9,Friday,FALSE,Harry,HR,Executive,Active,15-01-2022,,FALSE,FALSE,0,0
37,EMP456,Pharmacy Room,23-02-2025 01:00,authorized,23-02-2025,1,Sunday,TRUE,Ben,Sales,Executive,Terminated,20-03-2020,01-09-2023,TRUE,TRUE,1,1
38,EMP123,Pharmacy Room,23-02-2025 17:00,authorized,23-02-2025,17,Sunday,FALSE,Harry,HR,Executive,Active,15-01-2022,,FALSE,FALSE,0,0
39,EMP123,Pharmacy Room,24-02-2025 22:00,authorized,24-02-2025,22,Monday,TRUE,Harry,HR,Executive,Active,15-01-2022,,FALSE,TRUE,0,1
40,EMP456,Main Entrance,20-02-2025 13:00,authorized,20-02-2025,13,Thursday,FALSE,Ben,Sales,Executive,Terminated,20-03-2020,01-09-2023,TRUE,FALSE,1,0
41,EMP123,Storage Room,17-02-2025 07:00,authorized,17-02-2025,7,Monday,TRUE,Harry,HR,Executive,Active,15-01-2022,,FALSE,TRUE,0,1
42,EMP789,Pharmacy Room,20-02-2025 16:00,authorized,20-02-2025,16,Thursday,FALSE,Alice,SDE2,IT,Active,01-06-2021,,FALSE,FALSE,0,0
43,EMP123,Storage Room,17-02-2025 13:00,authorized,17-02-2025,13,Monday,FALSE,Harry,HR,Executive,Active,15-01-2022,,FALSE,FALSE,0,0
44,EMP789,Storage Room,17-02-2025 08:00,authorized,17-02-2025,8,Monday,FALSE,Alice,SDE2,IT,Active,01-06-2021,,FALSE,FALSE,0,0
45,EMP456,Pharmacy Room,22-02-2025 20:00,authorized,22-02-2025,20,Saturday,TRUE,Ben,Sales,Executive,Terminated,20-03-2020,01-09-2023,TRUE,TRUE,1,1
46,EMP123,Main Entrance,20-02-2025 00:00,authorized,20-02-2025,0,Thursday,TRUE,Harry,HR,Executive,Active,15-01-2022,,FALSE,TRUE,0,1
47,EMP456,Pharmacy Room,17-02-2025 12:00,authorized,17-02-2025,12,Monday,FALSE,Ben,Sales,Executive,Terminated,20-03-2020,01-09-2023,TRUE,FALSE,1,0
48,EMP456,Storage Room,15-02-2025 06:00,authorized,15-02-2025,6,Saturday,TRUE,Ben,Sales,Executive,Terminated,20-03-2020,01-09-2023,TRUE,TRUE,1,1
49,EMP789,Main Entrance,21-02-2025 13:00,authorized,21-02-2025,13,Friday,FALSE,Alice,SDE2,IT,Active,01-06-2021,,FALSE,FALSE,0,0
50,EMP456,Main Entrance,22-02-2025 10:00,authorized,22-02-2025,10,Saturday,FALSE,Ben,Sales,Executive,Terminated,20-03-2020,01-09-2023,TRUE,FALSE,1,0
51,EMP123,Main Entrance,18-02-2025 10:00,authorized,18-02-2025,10,Tuesday,FALSE,Harry,HR,Executive,Active,15-01-2022,,FALSE,FALSE,0,0
52,EMP789,Pharmacy Room,23-02-2025 08:00,authorized,23-02-2025,8,Sunday,FALSE,Alice,SDE2,IT,Active,01-06-2021,,FALSE,FALSE,0,0
53,EMP789,Storage Room,19-02-2025 06:00,authorized,19-02-2025,6,Wednesday,TRUE,Alice,SDE2,IT,Active,01-06-2021,,FALSE,TRUE,0,1
54,EMP789,Storage Room,21-02-2025 09:00,authorized,21-02-2025,9,Friday,FALSE,Alice,SDE2,IT,Active,01-06-2021,,FALSE,FALSE,0,0
55,EMP789,Main Entrance,24-02-2025 04:00,authorized,24-02-2025,4,Monday,TRUE,Alice,SDE2,IT,Active,01-06-2021,,FALSE,TRUE,0,1
56,EMP456,Pharmacy Room,20-02-2025 17:00,authorized,20-02-2025,17,Thursday,FALSE,Ben,Sales,Executive,Terminated,20-03-2020,01-09-2023,TRUE,FALSE,1,0
57,EMP123,Storage Room,24-02-2025 01:00,authorized,24-02-2025,1,Monday,TRUE,Harry,HR,Executive,Active,15-01-2022,,FALSE,TRUE,0,1
58,EMP456,Pharmacy Room,24-02-2025 21:00,authorized,24-02-2025,21,Monday,TRUE,Ben,Sales,Executive,Terminated,20-03-2020,01-09-2023,TRUE,TRUE,1,1
59,EMP123,Pharmacy Room,19-02-2025 04:00,authorized,19-02-2025,4,Wednesday,TRUE,Harry,HR,Executive,Active,15-01-2022,,FALSE,TRUE,0,1
60,EMP123,Storage Room,18-02-2025 07:00,authorized,18-02-2025,7,Tuesday,TRUE,Harry,HR,Executive,Active,15-01-2022,,FALSE,TRUE,0,1
61,EMP123,Pharmacy Room,23-02-2025 13:00,authorized,23-02-2025,13,Sunday,FALSE,Harry,HR,Executive,Active,15-01-2022,,FALSE,FALSE,0,0
62,EMP456,Pharmacy Room,20-02-2025 16:00,authorized,20-02-2025,16,Thursday,FALSE,Ben,Sales,Executive,Terminated,20-03-2020,01-09-2023,TRUE,FALSE,1,0
63,EMP123,Pharmacy Room,17-02-2025 10:00,authorized,17-02-2025,10,Monday,FALSE,Harry,HR,Executive,Active,15-01-2022,,FALSE,FALSE,0,0
64,EMP456,Storage Room,20-02-2025 12:00,authorized,20-02-2025,12,Thursday,FALSE,Ben,Sales,Executive,Terminated,20-03-2020,01-09-2023,TRUE,FALSE,1,0
65,EMP123,Storage Room,19-02-2025 15:00,authorized,19-02-2025,15,Wednesday,FALSE,Harry,HR,Executive,Active,15-01-2022,,FALSE,FALSE,0,0
66,EMP789,Storage Room,16-02-2025 15:00,authorized,16-02-2025,15,Sunday,FALSE,Alice,SDE2,IT,Active,01-06-2021,,FALSE,FALSE,0,0
67,EMP123,Main Entrance,15-02-2025 20:00,authorized,15-02-2025,20,Saturday,TRUE,Harry,HR,Executive,Active,15-01-2022,,FALSE,TRUE,0,1
68,EMP789,Pharmacy Room,18-02-2025 11:00,authorized,18-02-2025,11,Tuesday,FALSE,Alice,SDE2,IT,Active,01-06-2021,,FALSE,FALSE,0,0
69,EMP789,Storage Room,20-02-2025 19:00,authorized,20-02-2025,19,Thursday,TRUE,Alice,SDE2,IT,Active,01-06-2021,,FALSE,TRUE,0,1
70,EMP123,Main Entrance,24-02-2025 06:00,authorized,24-02-2025,6,Monday,TRUE,Harry,HR,Executive,Active,15-01-2022,,FALSE,TRUE,0,1
71,EMP789,Pharmacy Room,15-02-2025 17:00,authorized,15-02-2025,17,Saturday,FALSE,Alice,SDE2,IT,Active,01-06-2021,,FALSE,FALSE,0,0
72,EMP123,Pharmacy Room,23-02-2025 04:00,authorized,23-02-2025,4,Sunday,TRUE,Harry,HR,Executive,Active,15-01-2022,,FALSE,TRUE,0,1
73,EMP789,Main Entrance,19-02-2025 17:00,authorized,19-02-2025,17,Wednesday,FALSE,Alice,SDE2,IT,Active,01-06-2021,,FALSE,FALSE,0,0
74,EMP123,Main Entrance,23-02-2025 22:00,authorized,23-02-2025,22,Sunday,TRUE,Harry,HR,Executive,Active,15-01-2022,,FALSE,TRUE,0,1
75,EMP456,Storage Room,21-02-2025 23:00,authorized,21-02-2025,23,Friday,TRUE,Ben,Sales,Executive,Terminated,20-03-2020,01-09-2023,TRUE,TRUE,1,1
76,EMP456,Storage Room,22-02-2025 07:00,authorized,22-02-2025,7,Saturday,TRUE,Ben,Sales,Executive,Terminated,20-03-2020,01-09-2023,TRUE,TRUE,1,1
77,EMP123,Storage Room,19-02-2025 14:00,authorized,19-02-2025,14,Wednesday,FALSE,Harry,HR,Executive,Active,15-01-2022,,FALSE,FALSE,0,0
78,EMP789,Storage Room,19-02-2025 02:00,authorized,19-02-2025,2,Wednesday,TRUE,Alice,SDE2,IT,Active,01-06-2021,,FALSE,TRUE,0,1
79,EMP123,Storage Room,24-02-2025 13:00,authorized,24-02-2025,13,Monday,FALSE,Harry,HR,Executive,Active,15-01-2022,,FALSE,FALSE,0,0
80,EMP123,Main Entrance,18-02-2025 21:00,authorized,18-02-2025,21,Tuesday,TRUE,Harry,HR,Executive,Active,15-01-2022,,FALSE,TRUE,0,1
81,EMP789,Storage Room,19-02-2025 23:00,authorized,19-02-2025,23,Wednesday,TRUE,Alice,SDE2,IT,Active,01-06-2021,,FALSE,TRUE,0,1
82,EMP456,Storage Room,22-02-2025 18:00,authorized,22-02-2025,18,Saturday,FALSE,Ben,Sales,Executive,Terminated,20-03-2020,01-09-2023,TRUE,FALSE,1,0
83,EMP456,Storage Room,19-02-2025 09:00,authorized,19-02-2025,9,Wednesday,FALSE,Ben,Sales,Executive,Terminated,20-03-2020,01-09-2023,TRUE,FALSE,1,0
84,EMP789,Pharmacy Room,18-02-2025 17:00,authorized,18-02-2025,17,Tuesday,FALSE,Alice,SDE2,IT,Active,01-06-2021,,FALSE,FALSE,0,0
85,EMP456,Main Entrance,19-02-2025 18:00,authorized,19-02-2025,18,Wednesday,FALSE,Ben,Sales,Executive,Terminated,20-03-2020,01-09-2023,TRUE,FALSE,1,0
86,EMP789,Main Entrance,20-02-2025 19:00,authorized,20-02-2025,19,Thursday,TRUE,Alice,SDE2,IT,Active,01-06-2021,,FALSE,TRUE,0,1
87,EMP789,Main Entrance,23-02-2025 01:00,authorized,23-02-2025,1,Sunday,TRUE,Alice,SDE2,IT,Active,01-06-2021,,FALSE,TRUE,0,1
88,EMP123,Pharmacy Room,19-02-2025 19:00,authorized,19-02-2025,19,Wednesday,TRUE,Harry,HR,Executive,Active,15-01-2022,,FALSE,TRUE,0,1
89,EMP789,Pharmacy Room,19-02-2025 23:00,authorized,19-02-2025,23,Wednesday,TRUE,Alice,SDE2,IT,Active,01-06-2021,,FALSE,TRUE,0,1
90,EMP456,Storage Room,20-02-2025 02:00,authorized,20-02-2025,2,Thursday,TRUE,Ben,Sales,Executive,Terminated,20-03-2020,01-09-2023,TRUE,TRUE,1,1
91,EMP456,Storage Room,21-02-2025 17:00,authorized,21-02-2025,17,Friday,FALSE,Ben,Sales,Executive,Terminated,20-03-2020,01-09-2023,TRUE,FALSE,1,0
92,EMP789,Main Entrance,22-02-2025 15:00,authorized,22-02-2025,15,Saturday,FALSE,Alice,SDE2,IT,Active,01-06-2021,,FALSE,FALSE,0,0
93,EMP456,Storage Room,21-02-2025 00:00,authorized,21-02-2025,0,Friday,TRUE,Ben,Sales,Executive,Terminated,20-03-2020,01-09-2023,TRUE,TRUE,1,1
94,EMP123,Pharmacy Room,15-02-2025 14:00,authorized,15-02-2025,14,Saturday,FALSE,Harry,HR,Executive,Active,15-01-2022,,FALSE,FALSE,0,0
95,EMP456,Pharmacy Room,17-02-2025 11:00,authorized,17-02-2025,11,Monday,FALSE,Ben,Sales,Executive,Terminated,20-03-2020,01-09-2023,TRUE,FALSE,1,0
96,EMP789,Main Entrance,18-02-2025 19:00,authorized,18-02-2025,19,Tuesday,TRUE,Alice,SDE2,IT,Active,01-06-2021,,FALSE,TRUE,0,1
97,EMP123,Storage Room,20-02-2025 21:00,authorized,20-02-2025,21,Thursday,TRUE,Harry,HR,Executive,Active,15-01-2022,,FALSE,TRUE,0,1
98,EMP789,Pharmacy Room,17-02-2025 20:00,authorized,17-02-2025,20,Monday,TRUE,Alice,SDE2,IT,Active,01-06-2021,,FALSE,TRUE,0,1
99,EMP456,Storage Room,18-02-2025 02:00,authorized,18-02-2025,2,Tuesday,TRUE,Ben,Sales,Executive,Terminated,20-03-2020,01-09-2023,TRUE,TRUE,1,1
100,EMP789,Pharmacy Room,18-02-2025 05:00,authorized,18-02-2025,5,Tuesday,TRUE,Alice,SDE2,IT,Active,01-06-2021,,FALSE,TRUE,0,1
101,EMP456,Storage Room,15-02-2025 13:00,authorized,15-02-2025,13,Saturday,FALSE,Ben,Sales,Executive,Terminated,20-03-2020,01-09-2023,TRUE,FALSE,1,0
102,EMP456,Main Entrance,23-02-2025 12:00,authorized,23-02-2025,12,Sunday,FALSE,Ben,Sales,Executive,Terminated,20-03-2020,01-09-2023,TRUE,FALSE,1,0
103,EMP123,Pharmacy Room,20-02-2025 18:00,authorized,20-02-2025,18,Thursday,FALSE,Harry,HR,Executive,Active,15-01-2022,,FALSE,FALSE,0,0
104,EMP123,Storage Room,22-02-2025 05:00,authorized,22-02-2025,5,Saturday,TRUE,Harry,HR,Executive,Active,15-01-2022,,FALSE,TRUE,0,1
105,EMP123,Storage Room,19-02-2025 17:00,authorized,19-02-2025,17,Wednesday,FALSE,Harry,HR,Executive,Active,15-01-2022,,FALSE,FALSE,0,0
106,EMP123,Pharmacy Room,20-02-2025 20:00,authorized,20-02-2025,20,Thursday,TRUE,Harry,HR,Executive,Active,15-01-2022,,FALSE,TRUE,0,1
107,EMP456,Storage Room,18-02-2025 00:00,authorized,18-02-2025,0,Tuesday,TRUE,Ben,Sales,Executive,Terminated,20-03-2020,01-09-2023,TRUE,TRUE,1,1
108,EMP123,Main Entrance,19-02-2025 13:00,authorized,19-02-2025,13,Wednesday,FALSE,Harry,HR,Executive,Active,15-01-2022,,FALSE,FALSE,0,0
109,EMP123,Main Entrance,15-02-2025 09:00,authorized,15-02-2025,9,Saturday,FALSE,Harry,HR,Executive,Active,15-01-2022,,FALSE,FALSE,0,0
110,EMP789,Pharmacy Room,15-02-2025 20:00,authorized,15-02-2025,20,Saturday,TRUE,Alice,SDE2,IT,Active,01-06-2021,,FALSE,TRUE,0,1
111,EMP456,Storage Room,17-02-2025 22:00,authorized,17-02-2025,22,Monday,TRUE,Ben,Sales,Executive,Terminated,20-03-2020,01-09-2023,TRUE,TRUE,1,1
112,EMP789,Pharmacy Room,18-02-2025 02:00,authorized,18-02-2025,2,Tuesday,TRUE,Alice,SDE2,IT,Active,01-06-2021,,FALSE,TRUE,0,1
113,EMP789,Pharmacy Room,21-02-2025 06:00,authorized,21-02-2025,6,Friday,TRUE,Alice,SDE2,IT,Active,01-06-2021,,FALSE,TRUE,0,1
114,EMP123,Storage Room,23-02-2025 20:00,authorized,23-02-2025,20,Sunday,TRUE,Harry,HR,Executive,Active,15-01-2022,,FALSE,TRUE,0,1
115,EMP789,Main Entrance,20-02-2025 17:00,authorized,20-02-2025,17,Thursday,FALSE,Alice,SDE2,IT,Active,01-06-2021,,FALSE,FALSE,0,0
116,EMP123,Main Entrance,16-02-2025 19:00,authorized,16-02-2025,19,Sunday,TRUE,Harry,HR,Executive,Active,15-01-2022,,FALSE,TRUE,0,1
117,EMP789,Storage Room,19-02-2025 06:00,authorized,19-02-2025,6,Wednesday,TRUE,Alice,SDE2,IT,Active,01-06-2021,,FALSE,TRUE,0,1
118,EMP123,Storage Room,15-02-2025 04:00,authorized,15-02-2025,4,Saturday,TRUE,Harry,HR,Executive,Active,15-01-2022,,FALSE,TRUE,0,1
119,EMP456,Main Entrance,24-02-2025 15:00,authorized,24-02-2025,15,Monday,FALSE,Ben,Sales,Executive,Terminated,20-03-2020,01-09-2023,TRUE,FALSE,1,0
120,EMP789,Pharmacy Room,22-02-2025 01:00,authorized,22-02-2025,1,Saturday,TRUE,Alice,SDE2,IT,Active,01-06-2021,,FALSE,TRUE,0,1
121,EMP789,Main Entrance,21-02-2025 08:00,authorized,21-02-2025,8,Friday,FALSE,Alice,SDE2,IT,Active,01-06-2021,,FALSE,FALSE,0,0
122,EMP789,Storage Room,18-02-2025 01:00,authorized,18-02-2025,1,Tuesday,TRUE,Alice,SDE2,IT,Active,01-06-2021,,FALSE,TRUE,0,1
123,EMP789,Pharmacy Room,23-02-2025 12:00,authorized,23-02-2025,12,Sunday,FALSE,Alice,SDE2,IT,Active,01-06-2021,,FALSE,FALSE,0,0
124,EMP456,Pharmacy Room,23-02-2025 19:00,authorized,23-02-2025,19,Sunday,TRUE,Ben,Sales,Executive,Terminated,20-03-2020,01-09-2023,TRUE,TRUE,1,1
125,EMP789,Pharmacy Room,17-02-2025 08:00,authorized,17-02-2025,8,Monday,FALSE,Alice,SDE2,IT,Active,01-06-2021,,FALSE,FALSE,0,0
126,EMP456,Storage Room,19-02-2025 19:00,authorized,19-02-2025,19,Wednesday,TRUE,Ben,Sales,Executive,Terminated,20-03-2020,01-09-2023,TRUE,TRUE,1,1
127,EMP456,Storage Room,24-02-2025 05:00,authorized,24-02-2025,5,Monday,TRUE,Ben,Sales,Executive,Terminated,20-03-2020,01-09-2023,TRUE,TRUE,1,1
128,EMP456,Main Entrance,22-02-2025 01:00,authorized,22-02-2025,1,Saturday,TRUE,Ben,Sales,Executive,Terminated,20-03-2020,01-09-2023,TRUE,TRUE,1,1
129,EMP123,Storage Room,19-02-2025 17:00,authorized,19-02-2025,17,Wednesday,FALSE,Harry,HR,Executive,Active,15-01-2022,,FALSE,FALSE,0,0
130,EMP789,Storage Room,19-02-2025 19:00,authorized,19-02-2025,19,Wednesday,TRUE,Alice,SDE2,IT,Active,01-06-2021,,FALSE,TRUE,0,1
131,EMP456,Main Entrance,20-02-2025 07:00,authorized,20-02-2025,7,Thursday,TRUE,Ben,Sales,Executive,Terminated,20-03-2020,01-09-2023,TRUE,TRUE,1,1
132,EMP123,Pharmacy Room,20-02-2025 03:00,authorized,20-02-2025,3,Thursday,TRUE,Harry,HR,Executive,Active,15-01-2022,,FALSE,TRUE,0,1
133,EMP789,Storage Room,15-02-2025 06:00,authorized,15-02-2025,6,Saturday,TRUE,Alice,SDE2,IT,Active,01-06-2021,,FALSE,TRUE,0,1
134,EMP789,Storage Room,18-02-2025 15:00,authorized,18-02-2025,15,Tuesday,FALSE,Alice,SDE2,IT,Active,01-06-2021,,FALSE,FALSE,0,0
135,EMP123,Main Entrance,19-02-2025 20:00,authorized,19-02-2025,20,Wednesday,TRUE,Harry,HR,Executive,Active,15-01-2022,,FALSE,TRUE,0,1
136,EMP123,Main Entrance,17-02-2025 18:00,authorized,17-02-2025,18,Monday,FALSE,Harry,HR,Executive,Active,15-01-2022,,FALSE,FALSE,0,0
137,EMP123,Storage Room,24-02-2025 04:00,authorized,24-02-2025,4,Monday,TRUE,Harry,HR,Executive,Active,15-01-2022,,FALSE,TRUE,0,1
138,EMP789,Storage Room,17-02-2025 04:00,authorized,17-02-2025,4,Monday,TRUE,Alice,SDE2,IT,Active,01-06-2021,,FALSE,TRUE,0,1
139,EMP789,Storage Room,20-02-2025 20:00,authorized,20-02-2025,20,Thursday,TRUE,Alice,SDE2,IT,Active,01-06-2021,,FALSE,TRUE,0,1
140,EMP123,Pharmacy Room,21-02-2025 05:00,authorized,21-02-2025,5,Friday,TRUE,Harry,HR,Executive,Active,15-01-2022,,FALSE,TRUE,0,1
141,EMP456,Storage Room,19-02-2025 01:00,authorized,19-02-2025,1,Wednesday,TRUE,Ben,Sales,Executive,Terminated,20-03-2020,01-09-2023,TRUE,TRUE,1,1
142,EMP123,Storage Room,20-02-2025 04:00,authorized,20-02-2025,4,Thursday,TRUE,Harry,HR,Executive,Active,15-01-2022,,FALSE,TRUE,0,1
143,EMP123,Main Entrance,18-02-2025 14:00,authorized,18-02-2025,14,Tuesday,FALSE,Harry,HR,Executive,Active,15-01-2022,,FALSE,FALSE,0,0
144,EMP123,Storage Room,18-02-2025 08:00,authorized,18-02-2025,8,Tuesday,FALSE,Harry,HR,Executive,Active,15-01-2022,,FALSE,FALSE,0,0
145,EMP789,Main Entrance,16-02-2025 10:00,authorized,16-02-2025,10,Sunday,FALSE,Alice,SDE2,IT,Active,01-06-2021,,FALSE,FALSE,0,0
146,EMP456,Main Entrance,22-02-2025 12:00,authorized,22-02-2025,12,Saturday,FALSE,Ben,Sales,Executive,Terminated,20-03-2020,01-09-2023,TRUE,FALSE,1,0
147,EMP123,Pharmacy Room,19-02-2025 20:00,authorized,19-02-2025,20,Wednesday,TRUE,Harry,HR,Executive,Active,15-01-2022,,FALSE,TRUE,0,1
148,EMP123,Pharmacy Room,20-02-2025 09:00,authorized,20-02-2025,9,Thursday,FALSE,Harry,HR,Executive,Active,15-01-2022,,FALSE,FALSE,0,0
149,EMP789,Pharmacy Room,16-02-2025 09:00,authorized,16-02-2025,9,Sunday,FALSE,Alice,SDE2,IT,Active,01-06-2021,,FALSE,FALSE,0,0
150,EMP123,Main Entrance,18-02-2025 17:00,authorized,18-02-2025,17,Tuesday,FALSE,Harry,HR,Executive,Active,15-01-2022,,FALSE,FALSE,0,0
151,EMP123,Storage Room,17-02-2025 12:00,authorized,17-02-2025,12,Monday,FALSE,Harry,HR,Executive,Active,15-01-2022,,FALSE,FALSE,0,0
152,EMP123,Main Entrance,23-02-2025 09:00,authorized,23-02-2025,9,Sunday,FALSE,Harry,HR,Executive,Active,15-01-2022,,FALSE,FALSE,0,0
153,EMP456,Pharmacy Room,16-02-2025 13:00,authorized,16-02-2025,13,Sunday,FALSE,Ben,Sales,Executive,Terminated,20-03-2020,01-09-2023,TRUE,FALSE,1,0
154,EMP789,Main Entrance,22-02-2025 17:00,authorized,22-02-2025,17,Saturday,FALSE,Alice,SDE2,IT,Active,01-06-2021,,FALSE,FALSE,0,0
155,EMP789,Pharmacy Room,20-02-2025 22:00,authorized,20-02-2025,22,Thursday,TRUE,Alice,SDE2,IT,Active,01-06-2021,,FALSE,TRUE,0,1
156,EMP456,Pharmacy Room,15-02-2025 07:00,authorized,15-02-2025,7,Saturday,TRUE,Ben,Sales,Executive,Terminated,20-03-2020,01-09-2023,TRUE,TRUE,1,1
157,EMP789,Main Entrance,17-02-2025 16:00,authorized,17-02-2025,16,Monday,FALSE,Alice,SDE2,IT,Active,01-06-2021,,FALSE,FALSE,0,0
158,EMP123,Main Entrance,17-02-2025 07:00,authorized,17-02-2025,7,Monday,TRUE,Harry,HR,Executive,Active,15-01-2022,,FALSE,TRUE,0,1
159,EMP456,Pharmacy Room,23-02-2025 03:00,authorized,23-02-2025,3,Sunday,TRUE,Ben,Sales,Executive,Terminated,20-03-2020,01-09-2023,TRUE,TRUE,1,1
160,EMP456,Pharmacy Room,24-02-2025 11:00,authorized,24-02-2025,11,Monday,FALSE,Ben,Sales,Executive,Terminated,20-03-2020,01-09-2023,TRUE,FALSE,1,0
161,EMP123,Storage Room,15-02-2025 21:00,authorized,15-02-2025,21,Saturday,TRUE,Harry,HR,Executive,Active,15-01-2022,,FALSE,TRUE,0,1
162,EMP789,Storage Room,18-02-2025 23:00,authorized,18-02-2025,23,Tuesday,TRUE,Alice,SDE2,IT,Active,01-06-2021,,FALSE,TRUE,0,1
163,EMP456,Pharmacy Room,20-02-2025 09:00,authorized,20-02-2025,9,Thursday,FALSE,Ben,Sales,Executive,Terminated,20-03-2020,01-09-2023,TRUE,FALSE,1,0
164,EMP789,Main Entrance,20-02-2025 13:00,authorized,20-02-2025,13,Thursday,FALSE,Alice,SDE2,IT,Active,01-06-2021,,FALSE,FALSE,0,0
165,EMP456,Main Entrance,19-02-2025 17:00,authorized,19-02-2025,17,Wednesday,FALSE,Ben,Sales,Executive,Terminated,20-03-2020,01-09-2023,TRUE,FALSE,1,0
166,EMP789,Storage Room,17-02-2025 02:00,authorized,17-02-2025,2,Monday,TRUE,Alice,SDE2,IT,Active,01-06-2021,,FALSE,TRUE,0,1
167,EMP456,Storage Room,18-02-2025 05:00,authorized,18-02-2025,5,Tuesday,TRUE,Ben,Sales,Executive,Terminated,20-03-2020,01-09-2023,TRUE,TRUE,1,1
168,EMP123,Main Entrance,19-02-2025 05:00,authorized,19-02-2025,5,Wednesday,TRUE,Harry,HR,Executive,Active,15-01-2022,,FALSE,TRUE,0,1
169,EMP123,Storage Room,16-02-2025 07:00,authorized,16-02-2025,7,Sunday,TRUE,Harry,HR,Executive,Active,15-01-2022,,FALSE,TRUE,0,1
170,EMP123,Storage Room,22-02-2025 16:00,authorized,22-02-2025,16,Saturday,FALSE,Harry,HR,Executive,Active,15-01-2022,,FALSE,FALSE,0,0
171,EMP123,Main Entrance,16-02-2025 23:00,authorized,16-02-2025,23,Sunday,TRUE,Harry,HR,Executive,Active,15-01-2022,,FALSE,TRUE,0,1
172,EMP123,Storage Room,23-02-2025 20:00,authorized,23-02-2025,20,Sunday,TRUE,Harry,HR,Executive,Active,15-01-2022,,FALSE,TRUE,0,1
173,EMP123,Main Entrance,15-02-2025 23:00,authorized,15-02-2025,23,Saturday,TRUE,Harry,HR,Executive,Active,15-01-2022,,FALSE,TRUE,0,1
174,EMP456,Pharmacy Room,22-02-2025 18:00,authorized,22-02-2025,18,Saturday,FALSE,Ben,Sales,Executive,Terminated,20-03-2020,01-09-2023,TRUE,FALSE,1,0
175,EMP789,Storage Room,22-02-2025 15:00,authorized,22-02-2025,15,Saturday,FALSE,Alice,SDE2,IT,Active,01-06-2021,,FALSE,FALSE,0,0
176,EMP456,Storage Room,24-02-2025 19:00,authorized,24-02-2025,19,Monday,TRUE,Ben,Sales,Executive,Terminated,20-03-2020,01-09-2023,TRUE,TRUE,1,1
177,EMP789,Storage Room,20-02-2025 10:00,authorized,20-02-2025,10,Thursday,FALSE,Alice,SDE2,IT,Active,01-06-2021,,FALSE,FALSE,0,0
178,EMP456,Main Entrance,19-02-2025 09:00,authorized,19-02-2025,9,Wednesday,FALSE,Ben,Sales,Executive,Terminated,20-03-2020,01-09-2023,TRUE,FALSE,1,0
179,EMP789,Pharmacy Room,16-02-2025 23:00,authorized,16-02-2025,23,Sunday,TRUE,Alice,SDE2,IT,Active,01-06-2021,,FALSE,TRUE,0,1
180,EMP789,Pharmacy Room,20-02-2025 15:00,authorized,20-02-2025,15,Thursday,FALSE,Alice,SDE2,IT,Active,01-06-2021,,FALSE,FALSE,0,0
181,EMP789,Pharmacy Room,20-02-2025 18:00,authorized,20-02-2025,18,Thursday,FALSE,Alice,SDE2,IT,Active,01-06-2021,,FALSE,FALSE,0,0
182,EMP789,Main Entrance,21-02-2025 13:00,authorized,21-02-2025,13,Friday,FALSE,Alice,SDE2,IT,Active,01-06-2021,,FALSE,FALSE,0,0
183,EMP789,Storage Room,15-02-2025 23:00,authorized,15-02-2025,23,Saturday,TRUE,Alice,SDE2,IT,Active,01-06-2021,,FALSE,TRUE,0,1
184,EMP789,Pharmacy Room,24-02-2025 08:00,authorized,24-02-2025,8,Monday,FALSE,Alice,SDE2,IT,Active,01-06-2021,,FALSE,FALSE,0,0
185,EMP789,Pharmacy Room,17-02-2025 09:00,authorized,17-02-2025,9,Monday,FALSE,Alice,SDE2,IT,Active,01-06-2021,,FALSE,FALSE,0,0
186,EMP789,Main Entrance,21-02-2025 17:00,authorized,21-02-2025,17,Friday,FALSE,Alice,SDE2,IT,Active,01-06-2021,,FALSE,FALSE,0,0
187,EMP789,Pharmacy Room,24-02-2025 15:00,authorized,24-02-2025,15,Monday,FALSE,Alice,SDE2,IT,Active,01-06-2021,,FALSE,FALSE,0,0
188,EMP789,Main Entrance,17-02-2025 08:00,authorized,17-02-2025,8,Monday,FALSE,Alice,SDE2,IT,Active,01-06-2021,,FALSE,FALSE,0,0
189,EMP123,Storage Room,15-02-2025 05:00,authorized,15-02-2025,5,Saturday,TRUE,Harry,HR,Executive,Active,15-01-2022,,FALSE,TRUE,0,1
190,EMP789,Main Entrance,20-02-2025 13:00,authorized,20-02-2025,13,Thursday,FALSE,Alice,SDE2,IT,Active,01-06-2021,,FALSE,FALSE,0,0
191,EMP123,Storage Room,21-02-2025 23:00,authorized,21-02-2025,23,Friday,TRUE,Harry,HR,Executive,Active,15-01-2022,,FALSE,TRUE,0,1
192,EMP456,Pharmacy Room,19-02-2025 15:00,authorized,19-02-2025,15,Wednesday,FALSE,Ben,Sales,Executive,Terminated,20-03-2020,01-09-2023,TRUE,FALSE,1,0
193,EMP789,Storage Room,18-02-2025 13:00,authorized,18-02-2025,13,Tuesday,FALSE,Alice,SDE2,IT,Active,01-06-2021,,FALSE,FALSE,0,0
194,EMP456,Main Entrance,20-02-2025 22:00,authorized,20-02-2025,22,Thursday,TRUE,Ben,Sales,Executive,Terminated,20-03-2020,01-09-2023,TRUE,TRUE,1,1
195,EMP123,Storage Room,23-02-2025 21:00,authorized,23-02-2025,21,Sunday,TRUE,Harry,HR,Executive,Active,15-01-2022,,FALSE,TRUE,0,1
196,EMP789,Pharmacy Room,24-02-2025 03:00,authorized,24-02-2025,3,Monday,TRUE,Alice,SDE2,IT,Active,01-06-2021,,FALSE,TRUE,0,1
197,EMP789,Pharmacy Room,15-02-2025 03:00,authorized,15-02-2025,3,Saturday,TRUE,Alice,SDE2,IT,Active,01-06-2021,,FALSE,TRUE,0,1
198,EMP456,Storage Room,22-02-2025 07:00,authorized,22-02-2025,7,Saturday,TRUE,Ben,Sales,Executive,Terminated,20-03-2020,01-09-2023,TRUE,TRUE,1,1
199,EMP123,Main Entrance,19-02-2025 10:00,authorized,19-02-2025,10,Wednesday,FALSE,Harry,HR,Executive,Active,15-01-2022,,FALSE,FALSE,0,0
200,EMP456,Pharmacy Room,19-02-2025 01:00,authorized,19-02-2025,1,Wednesday,TRUE,Ben,Sales,Executive,Terminated,20-03-2020,01-09-2023,TRUE,TRUE,1,1
201,EMP789,Main Entrance,23-02-2025 04:00,authorized,23-02-2025,4,Sunday,TRUE,Alice,SDE2,IT,Active,01-06-2021,,FALSE,TRUE,0,1
202,EMP123,Storage Room,18-02-2025 12:00,authorized,18-02-2025,12,Tuesday,FALSE,Harry,HR,Executive,Active,15-01-2022,,FALSE,FALSE,0,0
203,EMP456,Storage Room,23-02-2025 15:00,authorized,23-02-2025,15,Sunday,FALSE,Ben,Sales,Executive,Terminated,20-03-2020,01-09-2023,TRUE,FALSE,1,0
204,EMP456,Pharmacy Room,21-02-2025 01:00,authorized,21-02-2025,1,Friday,TRUE,Ben,Sales,Executive,Terminated,20-03-2020,01-09-2023,TRUE,TRUE,1,1
205,EMP456,Main Entrance,22-02-2025 02:00,authorized,22-02-2025,2,Saturday,TRUE,Ben,Sales,Executive,Terminated,20-03-2020,01-09-2023,TRUE,TRUE,1,1
206,EMP123,Pharmacy Room,19-02-2025 21:00,authorized,19-02-2025,21,Wednesday,TRUE,Harry,HR,Executive,Active,15-01-2022,,FALSE,TRUE,0,1
207,EMP123,Pharmacy Room,16-02-2025 01:00,authorized,16-02-2025,1,Sunday,TRUE,Harry,HR,Executive,Active,15-01-2022,,FALSE,TRUE,0,1
208,EMP123,Pharmacy Room,22-02-2025 06:00,authorized,22-02-2025,6,Saturday,TRUE,Harry,HR,Executive,Active,15-01-2022,,FALSE,TRUE,0,1
209,EMP789,Storage Room,19-02-2025 16:00,authorized,19-02-2025,16,Wednesday,FALSE,Alice,SDE2,IT,Active,01-06-2021,,FALSE,FALSE,0,0
210,EMP123,Storage Room,20-02-2025 22:00,authorized,20-02-2025,22,Thursday,TRUE,Harry,HR,Executive,Active,15-01-2022,,FALSE,TRUE,0,1
211,EMP123,Main Entrance,23-02-2025 09:00,authorized,23-02-2025,9,Sunday,FALSE,Harry,HR,Executive,Active,15-01-2022,,FALSE,FALSE,0,0
212,EMP456,Storage Room,19-02-2025 12:00,authorized,19-02-2025,12,Wednesday,FALSE,Ben,Sales,Executive,Terminated,20-03-2020,01-09-2023,TRUE,FALSE,1,0
213,EMP123,Main Entrance,20-02-2025 09:00,authorized,20-02-2025,9,Thursday,FALSE,Harry,HR,Executive,Active,15-01-2022,,FALSE,FALSE,0,0
214,EMP456,Main Entrance,24-02-2025 21:00,authorized,24-02-2025,21,Monday,TRUE,Ben,Sales,Executive,Terminated,20-03-2020,01-09-2023,TRUE,TRUE,1,1
215,EMP456,Storage Room,16-02-2025 00:00,authorized,16-02-2025,0,Sunday,TRUE,Ben,Sales,Executive,Terminated,20-03-2020,01-09-2023,TRUE,TRUE,1,1
216,EMP123,Pharmacy Room,17-02-2025 12:00,authorized,17-02-2025,12,Monday,FALSE,Harry,HR,Executive,Active,15-01-2022,,FALSE,FALSE,0,0
217,EMP456,Pharmacy Room,15-02-2025 12:00,authorized,15-02-2025,12,Saturday,FALSE,Ben,Sales,Executive,Terminated,20-03-2020,01-09-2023,TRUE,FALSE,1,0
218,EMP789,Pharmacy Room,23-02-2025 07:00,authorized,23-02-2025,7,Sunday,TRUE,Alice,SDE2,IT,Active,01-06-2021,,FALSE,TRUE,0,1
219,EMP123,Pharmacy Room,17-02-2025 04:00,authorized,17-02-2025,4,Monday,TRUE,Harry,HR,Executive,Active,15-01-2022,,FALSE,TRUE,0,1
220,EMP456,Main Entrance,18-02-2025 15:00,authorized,18-02-2025,15,Tuesday,FALSE,Ben,Sales,Executive,Terminated,20-03-2020,01-09-2023,TRUE,FALSE,1,0
221,EMP456,Main Entrance,17-02-2025 14:00,authorized,17-02-2025,14,Monday,FALSE,Ben,Sales,Executive,Terminated,20-03-2020,01-09-2023,TRUE,FALSE,1,0
222,EMP123,Pharmacy Room,22-02-2025 21:00,authorized,22-02-2025,21,Saturday,TRUE,Harry,HR,Executive,Active,15-01-2022,,FALSE,TRUE,0,1
223,EMP789,Pharmacy Room,20-02-2025 12:00,authorized,20-02-2025,12,Thursday,FALSE,Alice,SDE2,IT,Active,01-06-2021,,FALSE,FALSE,0,0
224,EMP789,Main Entrance,21-02-2025 15:00,authorized,21-02-2025,15,Friday,FALSE,Alice,SDE2,IT,Active,01-06-2021,,FALSE,FALSE,0,0
225,EMP789,Pharmacy Room,23-02-2025 07:00,authorized,23-02-2025,7,Sunday,TRUE,Alice,SDE2,IT,Active,01-06-2021,,FALSE,TRUE,0,1
226,EMP456,Storage Room,17-02-2025 10:00,authorized,17-02-2025,10,Monday,FALSE,Ben,Sales,Executive,Terminated,20-03-2020,01-09-2023,TRUE,FALSE,1,0
227,EMP789,Main Entrance,18-02-2025 00:00,authorized,18-02-2025,0,Tuesday,TRUE,Alice,SDE2,IT,Active,01-06-2021,,FALSE,TRUE,0,1
228,EMP456,Pharmacy Room,17-02-2025 16:00,authorized,17-02-2025,16,Monday,FALSE,Ben,Sales,Executive,Terminated,20-03-2020,01-09-2023,TRUE,FALSE,1,0
229,EMP456,Storage Room,22-02-2025 05:00,authorized,22-02-2025,5,Saturday,TRUE,Ben,Sales,Executive,Terminated,20-03-2020,01-09-2023,TRUE,TRUE,1,1
230,EMP456,Storage Room,19-02-2025 09:00,authorized,19-02-2025,9,Wednesday,FALSE,Ben,Sales,Executive,Terminated,20-03-2020,01-09-2023,TRUE,FALSE,1,0
231,EMP789,Storage Room,16-02-2025 22:00,authorized,16-02-2025,22,Sunday,TRUE,Alice,SDE2,IT,Active,01-06-2021,,FALSE,TRUE,0,1
232,EMP123,Pharmacy Room,22-02-2025 09:00,authorized,22-02-2025,9,Saturday,FALSE,Harry,HR,Executive,Active,15-01-2022,,FALSE,FALSE,0,0
233,EMP123,Storage Room,17-02-2025 15:00,authorized,17-02-2025,15,Monday,FALSE,Harry,HR,Executive,Active,15-01-2022,,FALSE,FALSE,0,0
234,EMP123,Storage Room,17-02-2025 12:00,authorized,17-02-2025,12,Monday,FALSE,Harry,HR,Executive,Active,15-01-2022,,FALSE,FALSE,0,0
235,EMP123,Pharmacy Room,21-02-2025 06:00,authorized,21-02-2025,6,Friday,TRUE,Harry,HR,Executive,Active,15-01-2022,,FALSE,TRUE,0,1
236,EMP789,Main Entrance,23-02-2025 08:00,authorized,23-02-2025,8,Sunday,FALSE,Alice,SDE2,IT,Active,01-06-2021,,FALSE,FALSE,0,0
237,EMP789,Main Entrance,15-02-2025 18:00,authorized,15-02-2025,18,Saturday,FALSE,Alice,SDE2,IT,Active,01-06-2021,,FALSE,FALSE,0,0
238,EMP123,Storage Room,20-02-2025 16:00,authorized,20-02-2025,16,Thursday,FALSE,Harry,HR,Executive,Active,15-01-2022,,FALSE,FALSE,0,0
239,EMP789,Main Entrance,20-02-2025 11:00,authorized,20-02-2025,11,Thursday,FALSE,Alice,SDE2,IT,Active,01-06-2021,,FALSE,FALSE,0,0
240,EMP123,Pharmacy Room,17-02-2025 10:00,authorized,17-02-2025,10,Monday,FALSE,Harry,HR,Executive,Active,15-01-2022,,FALSE,FALSE,0,0
241,EMP789,Storage Room,15-02-2025 04:00,authorized,15-02-2025,4,Saturday,TRUE,Alice,SDE2,IT,Active,01-06-2021,,FALSE,TRUE,0,1
242,EMP456,Main Entrance,24-02-2025 14:00,authorized,24-02-2025,14,Monday,FALSE,Ben,Sales,Executive,Terminated,20-03-2020,01-09-2023,TRUE,FALSE,1,0
243,EMP789,Pharmacy Room,22-02-2025 11:00,authorized,22-02-2025,11,Saturday,FALSE,Alice,SDE2,IT,Active,01-06-2021,,FALSE,FALSE,0,0
244,EMP123,Main Entrance,15-02-2025 11:00,authorized,15-02-2025,11,Saturday,FALSE,Harry,HR,Executive,Active,15-01-2022,,FALSE,FALSE,0,0
245,EMP456,Pharmacy Room,15-02-2025 03:00,authorized,15-02-2025,3,Saturday,TRUE,Ben,Sales,Executive,Terminated,20-03-2020,01-09-2023,TRUE,TRUE,1,1
246,EMP456,Main Entrance,19-02-2025 20:00,authorized,19-02-2025,20,Wednesday,TRUE,Ben,Sales,Executive,Terminated,20-03-2020,01-09-2023,TRUE,TRUE,1,1
247,EMP789,Pharmacy Room,15-02-2025 07:00,authorized,15-02-2025,7,Saturday,TRUE,Alice,SDE2,IT,Active,01-06-2021,,FALSE,TRUE,0,1
248,EMP123,Storage Room,24-02-2025 10:00,authorized,24-02-2025,10,Monday,FALSE,Harry,HR,Executive,Active,15-01-2022,,FALSE,FALSE,0,0
249,EMP789,Main Entrance,23-02-2025 22:00,authorized,23-02-2025,22,Sunday,TRUE,Alice,SDE2,IT,Active,01-06-2021,,FALSE,TRUE,0,1
250,EMP456,Pharmacy Room,16-02-2025 15:00,authorized,16-02-2025,15,Sunday,FALSE,Ben,Sales,Executive,Terminated,20-03-2020,01-09-2023,TRUE,FALSE,1,0
251,EMP123,Pharmacy Room,23-02-2025 17:00,authorized,23-02-2025,17,Sunday,FALSE,Harry,HR,Executive,Active,15-01-2022,,FALSE,FALSE,0,0
252,EMP456,Main Entrance,16-02-2025 16:00,authorized,16-02-2025,16,Sunday,FALSE,Ben,Sales,Executive,Terminated,20-03-2020,01-09-2023,TRUE,FALSE,1,0
253,EMP789,Pharmacy Room,22-02-2025 11:00,authorized,22-02-2025,11,Saturday,FALSE,Alice,SDE2,IT,Active,01-06-2021,,FALSE,FALSE,0,0
254,EMP789,Pharmacy Room,24-02-2025 08:00,authorized,24-02-2025,8,Monday,FALSE,Alice,SDE2,IT,Active,01-06-2021,,FALSE,FALSE,0,0
255,EMP123,Pharmacy Room,16-02-2025 07:00,authorized,16-02-2025,7,Sunday,TRUE,Harry,HR,Executive,Active,15-01-2022,,FALSE,TRUE,0,1
256,EMP456,Storage Room,19-02-2025 18:00,authorized,19-02-2025,18,Wednesday,FALSE,Ben,Sales,Executive,Terminated,20-03-2020,01-09-2023,TRUE,FALSE,1,0
257,EMP789,Main Entrance,20-02-2025 16:00,authorized,20-02-2025,16,Thursday,FALSE,Alice,SDE2,IT,Active,01-06-2021,,FALSE,FALSE,0,0
258,EMP123,Pharmacy Room,23-02-2025 22:00,authorized,23-02-2025,22,Sunday,TRUE,Harry,HR,Executive,Active,15-01-2022,,FALSE,TRUE,0,1
259,EMP789,Storage Room,17-02-2025 20:00,authorized,17-02-2025,20,Monday,TRUE,Alice,SDE2,IT,Active,01-06-2021,,FALSE,TRUE,0,1
260,EMP456,Storage Room,16-02-2025 23:00,authorized,16-02-2025,23,Sunday,TRUE,Ben,Sales,Executive,Terminated,20-03-2020,01-09-2023,TRUE,TRUE,1,1
261,EMP456,Pharmacy Room,16-02-2025 01:00,authorized,16-02-2025,1,Sunday,TRUE,Ben,Sales,Executive,Terminated,20-03-2020,01-09-2023,TRUE,TRUE,1,1
262,EMP123,Main Entrance,16-02-2025 08:00,authorized,16-02-2025,8,Sunday,FALSE,Harry,HR,Executive,Active,15-01-2022,,FALSE,FALSE,0,0
263,EMP789,Pharmacy Room,17-02-2025 00:00,authorized,17-02-2025,0,Monday,TRUE,Alice,SDE2,IT,Active,01-06-2021,,FALSE,TRUE,0,1
264,EMP789,Storage Room,21-02-2025 17:00,authorized,21-02-2025,17,Friday,FALSE,Alice,SDE2,IT,Active,01-06-2021,,FALSE,FALSE,0,0
265,EMP456,Storage Room,19-02-2025 22:00,authorized,19-02-2025,22,Wednesday,TRUE,Ben,Sales,Executive,Terminated,20-03-2020,01-09-2023,TRUE,TRUE,1,1
266,EMP123,Main Entrance,18-02-2025 20:00,authorized,18-02-2025,20,Tuesday,TRUE,Harry,HR,Executive,Active,15-01-2022,,FALSE,TRUE,0,1
267,EMP123,Pharmacy Room,15-02-2025 18:00,authorized,15-02-2025,18,Saturday,FALSE,Harry,HR,Executive,Active,15-01-2022,,FALSE,FALSE,0,0
268,EMP789,Storage Room,21-02-2025 07:00,authorized,21-02-2025,7,Friday,TRUE,Alice,SDE2,IT,Active,01-06-2021,,FALSE,TRUE,0,1
269,EMP789,Pharmacy Room,21-02-2025 16:00,authorized,21-02-2025,16,Friday,FALSE,Alice,SDE2,IT,Active,01-06-2021,,FALSE,FALSE,0,0
270,EMP123,Pharmacy Room,19-02-2025 05:00,authorized,19-02-2025,5,Wednesday,TRUE,Harry,HR,Executive,Active,15-01-2022,,FALSE,TRUE,0,1
271,EMP789,Main Entrance,23-02-2025 05:00,authorized,23-02-2025,5,Sunday,TRUE,Alice,SDE2,IT,Active,01-06-2021,,FALSE,TRUE,0,1
272,EMP456,Main Entrance,20-02-2025 04:00,authorized,20-02-2025,4,Thursday,TRUE,Ben,Sales,Executive,Terminated,20-03-2020,01-09-2023,TRUE,TRUE,1,1
273,EMP456,Pharmacy Room,16-02-2025 08:00,authorized,16-02-2025,8,Sunday,FALSE,Ben,Sales,Executive,Terminated,20-03-2020,01-09-2023,TRUE,FALSE,1,0
274,EMP456,Storage Room,18-02-2025 12:00,authorized,18-02-2025,12,Tuesday,FALSE,Ben,Sales,Executive,Terminated,20-03-2020,01-09-2023,TRUE,FALSE,1,0
275,EMP789,Storage Room,20-02-2025 17:00,authorized,20-02-2025,17,Thursday,FALSE,Alice,SDE2,IT,Active,01-06-2021,,FALSE,FALSE,0,0
276,EMP456,Storage Room,17-02-2025 16:00,authorized,17-02-2025,16,Monday,FALSE,Ben,Sales,Executive,Terminated,20-03-2020,01-09-2023,TRUE,FALSE,1,0
277,EMP456,Pharmacy Room,15-02-2025 00:00,authorized,15-02-2025,0,Saturday,TRUE,Ben,Sales,Executive,Terminated,20-03-2020,01-09-2023,TRUE,TRUE,1,1
278,EMP456,Storage Room,22-02-2025 06:00,authorized,22-02-2025,6,Saturday,TRUE,Ben,Sales,Executive,Terminated,20-03-2020,01-09-2023,TRUE,TRUE,1,1
279,EMP456,Pharmacy Room,15-02-2025 09:00,authorized,15-02-2025,9,Saturday,FALSE,Ben,Sales,Executive,Terminated,20-03-2020,01-09-2023,TRUE,FALSE,1,0
280,EMP123,Main Entrance,19-02-2025 20:00,authorized,19-02-2025,20,Wednesday,TRUE,Harry,HR,Executive,Active,15-01-2022,,FALSE,TRUE,0,1
281,EMP789,Pharmacy Room,18-02-2025 18:00,authorized,18-02-2025,18,Tuesday,FALSE,Alice,SDE2,IT,Active,01-06-2021,,FALSE,FALSE,0,0
282,EMP456,Main Entrance,23-02-2025 22:00,authorized,23-02-2025,22,Sunday,TRUE,Ben,Sales,Executive,Terminated,20-03-2020,01-09-2023,TRUE,TRUE,1,1
283,EMP123,Main Entrance,18-02-2025 05:00,authorized,18-02-2025,5,Tuesday,TRUE,Harry,HR,Executive,Active,15-01-2022,,FALSE,TRUE,0,1
284,EMP789,Pharmacy Room,22-02-2025 09:00,authorized,22-02-2025,9,Saturday,FALSE,Alice,SDE2,IT,Active,01-06-2021,,FALSE,FALSE,0,0
285,EMP789,Main Entrance,21-02-2025 01:00,authorized,21-02-2025,1,Friday,TRUE,Alice,SDE2,IT,Active,01-06-2021,,FALSE,TRUE,0,1
286,EMP123,Pharmacy Room,18-02-2025 14:00,authorized,18-02-2025,14,Tuesday,FALSE,Harry,HR,Executive,Active,15-01-2022,,FALSE,FALSE,0,0
287,EMP456,Storage Room,19-02-2025 15:00,authorized,19-02-2025,15,Wednesday,FALSE,Ben,Sales,Executive,Terminated,20-03-2020,01-09-2023,TRUE,FALSE,1,0
288,EMP456,Storage Room,19-02-2025 02:00,authorized,19-02-2025,2,Wednesday,TRUE,Ben,Sales,Executive,Terminated,20-03-2020,01-09-2023,TRUE,TRUE,1,1
289,EMP456,Storage Room,20-02-2025 10:00,authorized,20-02-2025,10,Thursday,FALSE,Ben,Sales,Executive,Terminated,20-03-2020,01-09-2023,TRUE,FALSE,1,0
290,EMP456,Pharmacy Room,20-02-2025 19:00,authorized,20-02-2025,19,Thursday,TRUE,Ben,Sales,Executive,Terminated,20-03-2020,01-09-2023,TRUE,TRUE,1,1
291,EMP789,Main Entrance,20-02-2025 09:00,authorized,20-02-2025,9,Thursday,FALSE,Alice,SDE2,IT,Active,01-06-2021,,FALSE,FALSE,0,0
292,EMP789,Pharmacy Room,18-02-2025 21:00,authorized,18-02-2025,21,Tuesday,TRUE,Alice,SDE2,IT,Active,01-06-2021,,FALSE,TRUE,0,1
293,EMP789,Storage Room,17-02-2025 09:00,authorized,17-02-2025,9,Monday,FALSE,Alice,SDE2,IT,Active,01-06-2021,,FALSE,FALSE,0,0
294,EMP456,Pharmacy Room,15-02-2025 22:00,authorized,15-02-2025,22,Saturday,TRUE,Ben,Sales,Executive,Terminated,20-03-2020,01-09-2023,TRUE,TRUE,1,1
295,EMP123,Storage Room,18-02-2025 01:00,authorized,18-02-2025,1,Tuesday,TRUE,Harry,HR,Executive,Active,15-01-2022,,FALSE,TRUE,0,1
296,EMP456,Pharmacy Room,16-02-2025 18:00,authorized,16-02-2025,18,Sunday,FALSE,Ben,Sales,Executive,Terminated,20-03-2020,01-09-2023,TRUE,FALSE,1,0
297,EMP456,Pharmacy Room,20-02-2025 09:00,authorized,20-02-2025,9,Thursday,FALSE,Ben,Sales,Executive,Terminated,20-03-2020,01-09-2023,TRUE,FALSE,1,0
298,EMP456,Main Entrance,15-02-2025 08:00,authorized,15-02-2025,8,Saturday,FALSE,Ben,Sales,Executive,Terminated,20-03-2020,01-09-2023,TRUE,FALSE,1,0
299,EMP456,Pharmacy Room,24-02-2025 16:00,authorized,24-02-2025,16,Monday,FALSE,Ben,Sales,Executive,Terminated,20-03-2020,01-09-2023,TRUE,FALSE,1,0
300,EMP789,Pharmacy Room,22-02-2025 04:00,authorized,22-02-2025,4,Saturday,TRUE,Alice,SDE2,IT,Active,01-06-2021,,FALSE,TRUE,0,1
301,EMP456,Main Entrance,21-02-2025 17:00,authorized,21-02-2025,17,Friday,FALSE,Ben,Sales,Executive,Terminated,20-03-2020,01-09-2023,TRUE,FALSE,1,0
302,EMP789,Storage Room,16-02-2025 12:00,authorized,16-02-2025,12,Sunday,FALSE,Alice,SDE2,IT,Active,01-06-2021,,FALSE,FALSE,0,0
303,EMP456,Storage Room,18-02-2025 18:00,authorized,18-02-2025,18,Tuesday,FALSE,Ben,Sales,Executive,Terminated,20-03-2020,01-09-2023,TRUE,FALSE,1,0
304,EMP456,Main Entrance,21-02-2025 09:00,authorized,21-02-2025,9,Friday,FALSE,Ben,Sales,Executive,Terminated,20-03-2020,01-09-2023,TRUE,FALSE,1,0
305,EMP456,Main Entrance,21-02-2025 14:00,authorized,21-02-2025,14,Friday,FALSE,Ben,Sales,Executive,Terminated,20-03-2020,01-09-2023,TRUE,FALSE,1,0
306,EMP123,Pharmacy Room,17-02-2025 00:00,authorized,17-02-2025,0,Monday,TRUE,Harry,HR,Executive,Active,15-01-2022,,FALSE,TRUE,0,1
307,EMP123,Storage Room,15-02-2025 23:00,authorized,15-02-2025,23,Saturday,TRUE,Harry,HR,Executive,Active,15-01-2022,,FALSE,TRUE,0,1
308,EMP123,Main Entrance,22-02-2025 00:00,authorized,22-02-2025,0,Saturday,TRUE,Harry,HR,Executive,Active,15-01-2022,,FALSE,TRUE,0,1
309,EMP789,Main Entrance,15-02-2025 02:00,authorized,15-02-2025,2,Saturday,TRUE,Alice,SDE2,IT,Active,01-06-2021,,FALSE,TRUE,0,1
310,EMP456,Pharmacy Room,21-02-2025 15:00,authorized,21-02-2025,15,Friday,FALSE,Ben,Sales,Executive,Terminated,20-03-2020,01-09-2023,TRUE,FALSE,1,0
311,EMP789,Storage Room,20-02-2025 01:00,authorized,20-02-2025,1,Thursday,TRUE,Alice,SDE2,IT,Active,01-06-2021,,FALSE,TRUE,0,1
312,EMP123,Main Entrance,19-02-2025 15:00,authorized,19-02-2025,15,Wednesday,FALSE,Harry,HR,Executive,Active,15-01-2022,,FALSE,FALSE,0,0
313,EMP123,Main Entrance,20-02-2025 01:00,authorized,20-02-2025,1,Thursday,TRUE,Harry,HR,Executive,Active,15-01-2022,,FALSE,TRUE,0,1
314,EMP456,Pharmacy Room,17-02-2025 08:00,authorized,17-02-2025,8,Monday,FALSE,Ben,Sales,Executive,Terminated,20-03-2020,01-09-2023,TRUE,FALSE,1,0
315,EMP123,Storage Room,23-02-2025 06:00,authorized,23-02-2025,6,Sunday,TRUE,Harry,HR,Executive,Active,15-01-2022,,FALSE,TRUE,0,1
316,EMP789,Storage Room,25-02-2025 00:00,authorized,25-02-2025,0,Tuesday,TRUE,Alice,SDE2,IT,Active,01-06-2021,,FALSE,TRUE,0,1
317,EMP123,Main Entrance,21-02-2025 16:00,authorized,21-02-2025,16,Friday,FALSE,Harry,HR,Executive,Active,15-01-2022,,FALSE,FALSE,0,0
318,EMP789,Main Entrance,20-02-2025 01:00,authorized,20-02-2025,1,Thursday,TRUE,Alice,SDE2,IT,Active,01-06-2021,,FALSE,TRUE,0,1
319,EMP123,Main Entrance,16-02-2025 15:00,authorized,16-02-2025,15,Sunday,FALSE,Harry,HR,Executive,Active,15-01-2022,,FALSE,FALSE,0,0
320,EMP456,Storage Room,21-02-2025 13:00,authorized,21-02-2025,13,Friday,FALSE,Ben,Sales,Executive,Terminated,20-03-2020,01-09-2023,TRUE,FALSE,1,0
321,EMP123,Main Entrance,22-02-2025 15:00,authorized,22-02-2025,15,Saturday,FALSE,Harry,HR,Executive,Active,15-01-2022,,FALSE,FALSE,0,0
322,EMP789,Pharmacy Room,23-02-2025 06:00,authorized,23-02-2025,6,Sunday,TRUE,Alice,SDE2,IT,Active,01-06-2021,,FALSE,TRUE,0,1
323,EMP789,Main Entrance,17-02-2025 04:00,authorized,17-02-2025,4,Monday,TRUE,Alice,SDE2,IT,Active,01-06-2021,,FALSE,TRUE,0,1
324,EMP456,Storage Room,22-02-2025 18:00,authorized,22-02-2025,18,Saturday,FALSE,Ben,Sales,Executive,Terminated,20-03-2020,01-09-2023,TRUE,FALSE,1,0
325,EMP789,Pharmacy Room,19-02-2025 15:00,authorized,19-02-2025,15,Wednesday,FALSE,Alice,SDE2,IT,Active,01-06-2021,,FALSE,FALSE,0,0
326,EMP123,Main Entrance,16-02-2025 04:00,authorized,16-02-2025,4,Sunday,TRUE,Harry,HR,Executive,Active,15-01-2022,,FALSE,TRUE,0,1
327,EMP123,Storage Room,21-02-2025 08:00,authorized,21-02-2025,8,Friday,FALSE,Harry,HR,Executive,Active,15-01-2022,,FALSE,FALSE,0,0
328,EMP456,Storage Room,20-02-2025 10:00,authorized,20-02-2025,10,Thursday,FALSE,Ben,Sales,Executive,Terminated,20-03-2020,01-09-2023,TRUE,FALSE,1,0
329,EMP456,Main Entrance,20-02-2025 14:00,authorized,20-02-2025,14,Thursday,FALSE,Ben,Sales,Executive,Terminated,20-03-2020,01-09-2023,TRUE,FALSE,1,0
330,EMP789,Storage Room,21-02-2025 08:00,authorized,21-02-2025,8,Friday,FALSE,Alice,SDE2,IT,Active,01-06-2021,,FALSE,FALSE,0,0
331,EMP456,Storage Room,22-02-2025 10:00,authorized,22-02-2025,10,Saturday,FALSE,Ben,Sales,Executive,Terminated,20-03-2020,01-09-2023,TRUE,FALSE,1,0
332,EMP456,Pharmacy Room,16-02-2025 10:00,authorized,16-02-2025,10,Sunday,FALSE,Ben,Sales,Executive,Terminated,20-03-2020,01-09-2023,TRUE,FALSE,1,0
333,EMP456,Pharmacy Room,20-02-2025 08:00,authorized,20-02-2025,8,Thursday,FALSE,Ben,Sales,Executive,Terminated,20-03-2020,01-09-2023,TRUE,FALSE,1,0
334,EMP456,Pharmacy Room,22-02-2025 14:00,authorized,22-02-2025,14,Saturday,FALSE,Ben,Sales,Executive,Terminated,20-03-2020,01-09-2023,TRUE,FALSE,1,0
335,EMP456,Pharmacy Room,24-02-2025 19:00,authorized,24-02-2025,19,Monday,TRUE,Ben,Sales,Executive,Terminated,20-03-2020,01-09-2023,TRUE,TRUE,1,1
336,EMP123,Main Entrance,16-02-2025 11:00,authorized,16-02-2025,11,Sunday,FALSE,Harry,HR,Executive,Active,15-01-2022,,FALSE,FALSE,0,0
337,EMP123,Storage Room,19-02-2025 21:00,authorized,19-02-2025,21,Wednesday,TRUE,Harry,HR,Executive,Active,15-01-2022,,FALSE,TRUE,0,1
338,EMP456,Storage Room,24-02-2025 03:00,authorized,24-02-2025,3,Monday,TRUE,Ben,Sales,Executive,Terminated,20-03-2020,01-09-2023,TRUE,TRUE,1,1
339,EMP789,Pharmacy Room,19-02-2025 20:00,authorized,19-02-2025,20,Wednesday,TRUE,Alice,SDE2,IT,Active,01-06-2021,,FALSE,TRUE,0,1
340,EMP789,Storage Room,21-02-2025 13:00,authorized,21-02-2025,13,Friday,FALSE,Alice,SDE2,IT,Active,01-06-2021,,FALSE,FALSE,0,0
341,EMP456,Main Entrance,22-02-2025 14:00,authorized,22-02-2025,14,Saturday,FALSE,Ben,Sales,Executive,Terminated,20-03-2020,01-09-2023,TRUE,FALSE,1,0
342,EMP456,Main Entrance,19-02-2025 20:00,authorized,19-02-2025,20,Wednesday,TRUE,Ben,Sales,Executive,Terminated,20-03-2020,01-09-2023,TRUE,TRUE,1,1
343,EMP123,Main Entrance,15-02-2025 08:00,authorized,15-02-2025,8,Saturday,FALSE,Harry,HR,Executive,Active,15-01-2022,,FALSE,FALSE,0,0
344,EMP123,Pharmacy Room,21-02-2025 04:00,authorized,21-02-2025,4,Friday,TRUE,Harry,HR,Executive,Active,15-01-2022,,FALSE,TRUE,0,1
345,EMP456,Storage Room,19-02-2025 02:00,authorized,19-02-2025,2,Wednesday,TRUE,Ben,Sales,Executive,Terminated,20-03-2020,01-09-2023,TRUE,TRUE,1,1
346,EMP789,Storage Room,20-02-2025 12:00,authorized,20-02-2025,12,Thursday,FALSE,Alice,SDE2,IT,Active,01-06-2021,,FALSE,FALSE,0,0
347,EMP123,Storage Room,24-02-2025 19:00,authorized,24-02-2025,19,Monday,TRUE,Harry,HR,Executive,Active,15-01-2022,,FALSE,TRUE,0,1
348,EMP456,Storage Room,18-02-2025 16:00,authorized,18-02-2025,16,Tuesday,FALSE,Ben,Sales,Executive,Terminated,20-03-2020,01-09-2023,TRUE,FALSE,1,0
349,EMP789,Main Entrance,19-02-2025 20:00,authorized,19-02-2025,20,Wednesday,TRUE,Alice,SDE2,IT,Active,01-06-2021,,FALSE,TRUE,0,1
350,EMP456,Storage Room,17-02-2025 09:00,authorized,17-02-2025,9,Monday,FALSE,Ben,Sales,Executive,Terminated,20-03-2020,01-09-2023,TRUE,FALSE,1,0
351,EMP789,Pharmacy Room,17-02-2025 23:00,authorized,17-02-2025,23,Monday,TRUE,Alice,SDE2,IT,Active,01-06-2021,,FALSE,TRUE,0,1
352,EMP456,Main Entrance,20-02-2025 09:00,authorized,20-02-2025,9,Thursday,FALSE,Ben,Sales,Executive,Terminated,20-03-2020,01-09-2023,TRUE,FALSE,1,0
353,EMP456,Main Entrance,21-02-2025 00:00,authorized,21-02-2025,0,Friday,TRUE,Ben,Sales,Executive,Terminated,20-03-2020,01-09-2023,TRUE,TRUE,1,1
354,EMP789,Pharmacy Room,17-02-2025 03:00,authorized,17-02-2025,3,Monday,TRUE,Alice,SDE2,IT,Active,01-06-2021,,FALSE,TRUE,0,1
355,EMP789,Storage Room,17-02-2025 04:00,authorized,17-02-2025,4,Monday,TRUE,Alice,SDE2,IT,Active,01-06-2021,,FALSE,TRUE,0,1
356,EMP789,Main Entrance,20-02-2025 09:00,authorized,20-02-2025,9,Thursday,FALSE,Alice,SDE2,IT,Active,01-06-2021,,FALSE,FALSE,0,0
357,EMP123,Storage Room,20-02-2025 17:00,authorized,20-02-2025,17,Thursday,FALSE,Harry,HR,Executive,Active,15-01-2022,,FALSE,FALSE,0,0
358,EMP789,Storage Room,21-02-2025 07:00,authorized,21-02-2025,7,Friday,TRUE,Alice,SDE2,IT,Active,01-06-2021,,FALSE,TRUE,0,1
359,EMP789,Storage Room,16-02-2025 19:00,authorized,16-02-2025,19,Sunday,TRUE,Alice,SDE2,IT,Active,01-06-2021,,FALSE,TRUE,0,1
360,EMP789,Pharmacy Room,23-02-2025 09:00,authorized,23-02-2025,9,Sunday,FALSE,Alice,SDE2,IT,Active,01-06-2021,,FALSE,FALSE,0,0
361,EMP456,Pharmacy Room,16-02-2025 08:00,authorized,16-02-2025,8,Sunday,FALSE,Ben,Sales,Executive,Terminated,20-03-2020,01-09-2023,TRUE,FALSE,1,0
362,EMP789,Storage Room,20-02-2025 12:00,authorized,20-02-2025,12,Thursday,FALSE,Alice,SDE2,IT,Active,01-06-2021,,FALSE,FALSE,0,0
363,EMP123,Pharmacy Room,19-02-2025 08:00,authorized,19-02-2025,8,Wednesday,FALSE,Harry,HR,Executive,Active,15-01-2022,,FALSE,FALSE,0,0
364,EMP789,Pharmacy Room,23-02-2025 20:00,authorized,23-02-2025,20,Sunday,TRUE,Alice,SDE2,IT,Active,01-06-2021,,FALSE,TRUE,0,1
365,EMP123,Pharmacy Room,20-02-2025 17:00,authorized,20-02-2025,17,Thursday,FALSE,Harry,HR,Executive,Active,15-01-2022,,FALSE,FALSE,0,0
366,EMP456,Main Entrance,23-02-2025 11:00,authorized,23-02-2025,11,Sunday,FALSE,Ben,Sales,Executive,Terminated,20-03-2020,01-09-2023,TRUE,FALSE,1,0
367,EMP456,Pharmacy Room,22-02-2025 15:00,authorized,22-02-2025,15,Saturday,FALSE,Ben,Sales,Executive,Terminated,20-03-2020,01-09-2023,TRUE,FALSE,1,0
368,EMP789,Storage Room,22-02-2025 09:00,authorized,22-02-2025,9,Saturday,FALSE,Alice,SDE2,IT,Active,01-06-2021,,FALSE,FALSE,0,0
369,EMP123,Storage Room,16-02-2025 19:00,authorized,16-02-2025,19,Sunday,TRUE,Harry,HR,Executive,Active,15-01-2022,,FALSE,TRUE,0,1
370,EMP456,Pharmacy Room,20-02-2025 18:00,authorized,20-02-2025,18,Thursday,FALSE,Ben,Sales,Executive,Terminated,20-03-2020,01-09-2023,TRUE,FALSE,1,0
371,EMP789,Main Entrance,17-02-2025 15:00,authorized,17-02-2025,15,Monday,FALSE,Alice,SDE2,IT,Active,01-06-2021,,FALSE,FALSE,0,0
372,EMP123,Pharmacy Room,17-02-2025 01:00,authorized,17-02-2025,1,Monday,TRUE,Harry,HR,Executive,Active,15-01-2022,,FALSE,TRUE,0,1
373,EMP456,Pharmacy Room,17-02-2025 07:00,authorized,17-02-2025,7,Monday,TRUE,Ben,Sales,Executive,Terminated,20-03-2020,01-09-2023,TRUE,TRUE,1,1
374,EMP123,Storage Room,24-02-2025 18:00,authorized,24-02-2025,18,Monday,FALSE,Harry,HR,Executive,Active,15-01-2022,,FALSE,FALSE,0,0
375,EMP123,Storage Room,21-02-2025 09:00,authorized,21-02-2025,9,Friday,FALSE,Harry,HR,Executive,Active,15-01-2022,,FALSE,FALSE,0,0
376,EMP123,Pharmacy Room,22-02-2025 13:00,authorized,22-02-2025,13,Saturday,FALSE,Harry,HR,Executive,Active,15-01-2022,,FALSE,FALSE,0,0
377,EMP789,Main Entrance,24-02-2025 13:00,authorized,24-02-2025,13,Monday,FALSE,Alice,SDE2,IT,Active,01-06-2021,,FALSE,FALSE,0,0
378,EMP456,Main Entrance,21-02-2025 18:00,authorized,21-02-2025,18,Friday,FALSE,Ben,Sales,Executive,Terminated,20-03-2020,01-09-2023,TRUE,FALSE,1,0
379,EMP789,Pharmacy Room,15-02-2025 18:00,authorized,15-02-2025,18,Saturday,FALSE,Alice,SDE2,IT,Active,01-06-2021,,FALSE,FALSE,0,0
380,EMP456,Main Entrance,16-02-2025 12:00,authorized,16-02-2025,12,Sunday,FALSE,Ben,Sales,Executive,Terminated,20-03-2020,01-09-2023,TRUE,FALSE,1,0
381,EMP789,Main Entrance,22-02-2025 06:00,authorized,22-02-2025,6,Saturday,TRUE,Alice,SDE2,IT,Active,01-06-2021,,FALSE,TRUE,0,1
382,EMP456,Main Entrance,18-02-2025 17:00,authorized,18-02-2025,17,Tuesday,FALSE,Ben,Sales,Executive,Terminated,20-03-2020,01-09-2023,TRUE,FALSE,1,0
383,EMP456,Main Entrance,21-02-2025 18:00,authorized,21-02-2025,18,Friday,FALSE,Ben,Sales,Executive,Terminated,20-03-2020,01-09-2023,TRUE,FALSE,1,0
384,EMP789,Storage Room,23-02-2025 09:00,authorized,23-02-2025,9,Sunday,FALSE,Alice,SDE2,IT,Active,01-06-2021,,FALSE,FALSE,0,0
385,EMP123,Storage Room,20-02-2025 12:00,authorized,20-02-2025,12,Thursday,FALSE,Harry,HR,Executive,Active,15-01-2022,,FALSE,FALSE,0,0
386,EMP789,Pharmacy Room,15-02-2025 21:00,authorized,15-02-2025,21,Saturday,TRUE,Alice,SDE2,IT,Active,01-06-2021,,FALSE,TRUE,0,1
387,EMP456,Main Entrance,17-02-2025 16:00,authorized,17-02-2025,16,Monday,FALSE,Ben,Sales,Executive,Terminated,20-03-2020,01-09-2023,TRUE,FALSE,1,0
388,EMP123,Main Entrance,18-02-2025 14:00,authorized,18-02-2025,14,Tuesday,FALSE,Harry,HR,Executive,Active,15-01-2022,,FALSE,FALSE,0,0
389,EMP456,Pharmacy Room,15-02-2025 22:00,authorized,15-02-2025,22,Saturday,TRUE,Ben,Sales,Executive,Terminated,20-03-2020,01-09-2023,TRUE,TRUE,1,1
390,EMP456,Storage Room,20-02-2025 01:00,authorized,20-02-2025,1,Thursday,TRUE,Ben,Sales,Executive,Terminated,20-03-2020,01-09-2023,TRUE,TRUE,1,1
391,EMP456,Main Entrance,16-02-2025 19:00,authorized,16-02-2025,19,Sunday,TRUE,Ben,Sales,Executive,Terminated,20-03-2020,01-09-2023,TRUE,TRUE,1,1
392,EMP123,Pharmacy Room,23-02-2025 07:00,authorized,23-02-2025,7,Sunday,TRUE,Harry,HR,Executive,Active,15-01-2022,,FALSE,TRUE,0,1
393,EMP789,Storage Room,24-02-2025 01:00,authorized,24-02-2025,1,Monday,TRUE,Alice,SDE2,IT,Active,01-06-2021,,FALSE,TRUE,0,1
394,EMP456,Pharmacy Room,24-02-2025 06:00,authorized,24-02-2025,6,Monday,TRUE,Ben,Sales,Executive,Terminated,20-03-2020,01-09-2023,TRUE,TRUE,1,1
395,EMP123,Main Entrance,15-02-2025 13:00,authorized,15-02-2025,13,Saturday,FALSE,Harry,HR,Executive,Active,15-01-2022,,FALSE,FALSE,0,0
396,EMP789,Pharmacy Room,19-02-2025 04:00,authorized,19-02-2025,4,Wednesday,TRUE,Alice,SDE2,IT,Active,01-06-2021,,FALSE,TRUE,0,1
397,EMP789,Pharmacy Room,19-02-2025 22:00,authorized,19-02-2025,22,Wednesday,TRUE,Alice,SDE2,IT,Active,01-06-2021,,FALSE,TRUE,0,1
398,EMP789,Main Entrance,21-02-2025 20:00,authorized,21-02-2025,20,Friday,TRUE,Alice,SDE2,IT,Active,01-06-2021,,FALSE,TRUE,0,1
399,EMP456,Main Entrance,15-02-2025 04:00,authorized,15-02-2025,4,Saturday,TRUE,Ben,Sales,Executive,Terminated,20-03-2020,01-09-2023,TRUE,TRUE,1,1
400,EMP456,Pharmacy Room,15-02-2025 20:00,authorized,15-02-2025,20,Saturday,TRUE,Ben,Sales,Executive,Terminated,20-03-2020,01-09-2023,TRUE,TRUE,1,1
401,EMP123,Storage Room,17-02-2025 13:00,authorized,17-02-2025,13,Monday,FALSE,Harry,HR,Executive,Active,15-01-2022,,FALSE,FALSE,0,0
402,EMP789,Pharmacy Room,23-02-2025 06:00,authorized,23-02-2025,6,Sunday,TRUE,Alice,SDE2,IT,Active,01-06-2021,,FALSE,TRUE,0,1
403,EMP456,Main Entrance,17-02-2025 18:00,authorized,17-02-2025,18,Monday,FALSE,Ben,Sales,Executive,Terminated,20-03-2020,01-09-2023,TRUE,FALSE,1,0
404,EMP123,Main Entrance,21-02-2025 03:00,authorized,21-02-2025,3,Friday,TRUE,Harry,HR,Executive,Active,15-01-2022,,FALSE,TRUE,0,1
405,EMP123,Pharmacy Room,22-02-2025 13:00,authorized,22-02-2025,13,Saturday,FALSE,Harry,HR,Executive,Active,15-01-2022,,FALSE,FALSE,0,0
406,EMP456,Main Entrance,20-02-2025 02:00,authorized,20-02-2025,2,Thursday,TRUE,Ben,Sales,Executive,Terminated,20-03-2020,01-09-2023,TRUE,TRUE,1,1
407,EMP789,Storage Room,23-02-2025 18:00,authorized,23-02-2025,18,Sunday,FALSE,Alice,SDE2,IT,Active,01-06-2021,,FALSE,FALSE,0,0
408,EMP123,Storage Room,24-02-2025 06:00,authorized,24-02-2025,6,Monday,TRUE,Harry,HR,Executive,Active,15-01-2022,,FALSE,TRUE,0,1
409,EMP123,Storage Room,16-02-2025 00:00,authorized,16-02-2025,0,Sunday,TRUE,Harry,HR,Executive,Active,15-01-2022,,FALSE,TRUE,0,1
410,EMP123,Storage Room,24-02-2025 06:00,authorized,24-02-2025,6,Monday,TRUE,Harry,HR,Executive,Active,15-01-2022,,FALSE,TRUE,0,1
411,EMP456,Storage Room,20-02-2025 16:00,authorized,20-02-2025,16,Thursday,FALSE,Ben,Sales,Executive,Terminated,20-03-2020,01-09-2023,TRUE,FALSE,1,0
412,EMP789,Storage Room,15-02-2025 22:00,authorized,15-02-2025,22,Saturday,TRUE,Alice,SDE2,IT,Active,01-06-2021,,FALSE,TRUE,0,1
413,EMP789,Pharmacy Room,20-02-2025 16:00,authorized,20-02-2025,16,Thursday,FALSE,Alice,SDE2,IT,Active,01-06-2021,,FALSE,FALSE,0,0
414,EMP123,Main Entrance,23-02-2025 21:00,authorized,23-02-2025,21,Sunday,TRUE,Harry,HR,Executive,Active,15-01-2022,,FALSE,TRUE,0,1
415,EMP123,Main Entrance,22-02-2025 17:00,authorized,22-02-2025,17,Saturday,FALSE,Harry,HR,Executive,Active,15-01-2022,,FALSE,FALSE,0,0
416,EMP456,Storage Room,17-02-2025 01:00,authorized,17-02-2025,1,Monday,TRUE,Ben,Sales,Executive,Terminated,20-03-2020,01-09-2023,TRUE,TRUE,1,1
417,EMP456,Main Entrance,24-02-2025 17:00,authorized,24-02-2025,17,Monday,FALSE,Ben,Sales,Executive,Terminated,20-03-2020,01-09-2023,TRUE,FALSE,1,0
418,EMP123,Storage Room,21-02-2025 03:00,authorized,21-02-2025,3,Friday,TRUE,Harry,HR,Executive,Active,15-01-2022,,FALSE,TRUE,0,1
419,EMP789,Storage Room,19-02-2025 23:00,authorized,19-02-2025,23,Wednesday,TRUE,Alice,SDE2,IT,Active,01-06-2021,,FALSE,TRUE,0,1
420,EMP456,Main Entrance,15-02-2025 06:00,authorized,15-02-2025,6,Saturday,TRUE,Ben,Sales,Executive,Terminated,20-03-2020,01-09-2023,TRUE,TRUE,1,1
421,EMP789,Pharmacy Room,20-02-2025 16:00,authorized,20-02-2025,16,Thursday,FALSE,Alice,SDE2,IT,Active,01-06-2021,,FALSE,FALSE,0,0
422,EMP456,Pharmacy Room,22-02-2025 22:00,authorized,22-02-2025,22,Saturday,TRUE,Ben,Sales,Executive,Terminated,20-03-2020,01-09-2023,TRUE,TRUE,1,1
423,EMP123,Storage Room,21-02-2025 07:00,authorized,21-02-2025,7,Friday,TRUE,Harry,HR,Executive,Active,15-01-2022,,FALSE,TRUE,0,1
424,EMP789,Storage Room,19-02-2025 10:00,authorized,19-02-2025,10,Wednesday,FALSE,Alice,SDE2,IT,Active,01-06-2021,,FALSE,FALSE,0,0
425,EMP789,Main Entrance,21-02-2025 05:00,authorized,21-02-2025,5,Friday,TRUE,Alice,SDE2,IT,Active,01-06-2021,,FALSE,TRUE,0,1
426,EMP123,Pharmacy Room,23-02-2025 07:00,authorized,23-02-2025,7,Sunday,TRUE,Harry,HR,Executive,Active,15-01-2022,,FALSE,TRUE,0,1
427,EMP456,Pharmacy Room,17-02-2025 10:00,authorized,17-02-2025,10,Monday,FALSE,Ben,Sales,Executive,Terminated,20-03-2020,01-09-2023,TRUE,FALSE,1,0
428,EMP456,Storage Room,15-02-2025 13:00,authorized,15-02-2025,13,Saturday,FALSE,Ben,Sales,Executive,Terminated,20-03-2020,01-09-2023,TRUE,FALSE,1,0
429,EMP456,Main Entrance,21-02-2025 18:00,authorized,21-02-2025,18,Friday,FALSE,Ben,Sales,Executive,Terminated,20-03-2020,01-09-2023,TRUE,FALSE,1,0
430,EMP789,Main Entrance,18-02-2025 06:00,authorized,18-02-2025,6,Tuesday,TRUE,Alice,SDE2,IT,Active,01-06-2021,,FALSE,TRUE,0,1
431,EMP123,Pharmacy Room,21-02-2025 05:00,authorized,21-02-2025,5,Friday,TRUE,Harry,HR,Executive,Active,15-01-2022,,FALSE,TRUE,0,1
432,EMP456,Storage Room,24-02-2025 01:00,authorized,24-02-2025,1,Monday,TRUE,Ben,Sales,Executive,Terminated,20-03-2020,01-09-2023,TRUE,TRUE,1,1
433,EMP123,Storage Room,24-02-2025 11:00,authorized,24-02-2025,11,Monday,FALSE,Harry,HR,Executive,Active,15-01-2022,,FALSE,FALSE,0,0
434,EMP789,Pharmacy Room,17-02-2025 09:00,authorized,17-02-2025,9,Monday,FALSE,Alice,SDE2,IT,Active,01-06-2021,,FALSE,FALSE,0,0
435,EMP789,Storage Room,23-02-2025 09:00,authorized,23-02-2025,9,Sunday,FALSE,Alice,SDE2,IT,Active,01-06-2021,,FALSE,FALSE,0,0
436,EMP789,Storage Room,20-02-2025 14:00,authorized,20-02-2025,14,Thursday,FALSE,Alice,SDE2,IT,Active,01-06-2021,,FALSE,FALSE,0,0
437,EMP789,Main Entrance,19-02-2025 05:00,authorized,19-02-2025,5,Wednesday,TRUE,Alice,SDE2,IT,Active,01-06-2021,,FALSE,TRUE,0,1
438,EMP456,Pharmacy Room,22-02-2025 21:00,authorized,22-02-2025,21,Saturday,TRUE,Ben,Sales,Executive,Terminated,20-03-2020,01-09-2023,TRUE,TRUE,1,1
439,EMP456,Pharmacy Room,24-02-2025 15:00,authorized,24-02-2025,15,Monday,FALSE,Ben,Sales,Executive,Terminated,20-03-2020,01-09-2023,TRUE,FALSE,1,0
440,EMP456,Storage Room,19-02-2025 05:00,authorized,19-02-2025,5,Wednesday,TRUE,Ben,Sales,Executive,Terminated,20-03-2020,01-09-2023,TRUE,TRUE,1,1
441,EMP456,Storage Room,21-02-2025 12:00,authorized,21-02-2025,12,Friday,FALSE,Ben,Sales,Executive,Terminated,20-03-2020,01-09-2023,TRUE,FALSE,1,0
442,EMP456,Main Entrance,20-02-2025 04:00,authorized,20-02-2025,4,Thursday,TRUE,Ben,Sales,Executive,Terminated,20-03-2020,01-09-2023,TRUE,TRUE,1,1
443,EMP123,Storage Room,23-02-2025 23:00,authorized,23-02-2025,23,Sunday,TRUE,Harry,HR,Executive,Active,15-01-2022,,FALSE,TRUE,0,1
444,EMP123,Main Entrance,21-02-2025 23:00,authorized,21-02-2025,23,Friday,TRUE,Harry,HR,Executive,Active,15-01-2022,,FALSE,TRUE,0,1
445,EMP123,Pharmacy Room,17-02-2025 19:00,authorized,17-02-2025,19,Monday,TRUE,Harry,HR,Executive,Active,15-01-2022,,FALSE,TRUE,0,1
446,EMP123,Storage Room,22-02-2025 21:00,authorized,22-02-2025,21,Saturday,TRUE,Harry,HR,Executive,Active,15-01-2022,,FALSE,TRUE,0,1
447,EMP456,Storage Room,17-02-2025 05:00,authorized,17-02-2025,5,Monday,TRUE,Ben,Sales,Executive,Terminated,20-03-2020,01-09-2023,TRUE,TRUE,1,1
448,EMP789,Main Entrance,17-02-2025 16:00,authorized,17-02-2025,16,Monday,FALSE,Alice,SDE2,IT,Active,01-06-2021,,FALSE,FALSE,0,0
449,EMP456,Main Entrance,19-02-2025 10:00,authorized,19-02-2025,10,Wednesday,FALSE,Ben,Sales,Executive,Terminated,20-03-2020,01-09-2023,TRUE,FALSE,1,0
450,EMP456,Pharmacy Room,21-02-2025 14:00,authorized,21-02-2025,14,Friday,FALSE,Ben,Sales,Executive,Terminated,20-03-2020,01-09-2023,TRUE,FALSE,1,0
451,EMP789,Storage Room,18-02-2025 16:00,authorized,18-02-2025,16,Tuesday,FALSE,Alice,SDE2,IT,Active,01-06-2021,,FALSE,FALSE,0,0
452,EMP456,Storage Room,21-02-2025 17:00,authorized,21-02-2025,17,Friday,FALSE,Ben,Sales,Executive,Terminated,20-03-2020,01-09-2023,TRUE,FALSE,1,0
453,EMP123,Storage Room,23-02-2025 17:00,authorized,23-02-2025,17,Sunday,FALSE,Harry,HR,Executive,Active,15-01-2022,,FALSE,FALSE,0,0
454,EMP789,Storage Room,20-02-2025 10:00,authorized,20-02-2025,10,Thursday,FALSE,Alice,SDE2,IT,Active,01-06-2021,,FALSE,FALSE,0,0
455,EMP789,Pharmacy Room,22-02-2025 04:00,authorized,22-02-2025,4,Saturday,TRUE,Alice,SDE2,IT,Active,01-06-2021,,FALSE,TRUE,0,1
456,EMP456,Storage Room,18-02-2025 14:00,authorized,18-02-2025,14,Tuesday,FALSE,Ben,Sales,Executive,Terminated,20-03-2020,01-09-2023,TRUE,FALSE,1,0
457,EMP789,Storage Room,20-02-2025 17:00,authorized,20-02-2025,17,Thursday,FALSE,Alice,SDE2,IT,Active,01-06-2021,,FALSE,FALSE,0,0
458,EMP456,Storage Room,23-02-2025 23:00,authorized,23-02-2025,23,Sunday,TRUE,Ben,Sales,Executive,Terminated,20-03-2020,01-09-2023,TRUE,TRUE,1,1
459,EMP789,Storage Room,20-02-2025 01:00,authorized,20-02-2025,1,Thursday,TRUE,Alice,SDE2,IT,Active,01-06-2021,,FALSE,TRUE,0,1
460,EMP456,Main Entrance,21-02-2025 20:00,authorized,21-02-2025,20,Friday,TRUE,Ben,Sales,Executive,Terminated,20-03-2020,01-09-2023,TRUE,TRUE,1,1
461,EMP789,Pharmacy Room,24-02-2025 12:00,authorized,24-02-2025,12,Monday,FALSE,Alice,SDE2,IT,Active,01-06-2021,,FALSE,FALSE,0,0
462,EMP789,Storage Room,15-02-2025 04:00,authorized,15-02-2025,4,Saturday,TRUE,Alice,SDE2,IT,Active,01-06-2021,,FALSE,TRUE,0,1
463,EMP456,Storage Room,24-02-2025 12:00,authorized,24-02-2025,12,Monday,FALSE,Ben,Sales,Executive,Terminated,20-03-2020,01-09-2023,TRUE,FALSE,1,0
464,EMP456,Main Entrance,21-02-2025 20:00,authorized,21-02-2025,20,Friday,TRUE,Ben,Sales,Executive,Terminated,20-03-2020,01-09-2023,TRUE,TRUE,1,1
465,EMP123,Main Entrance,16-02-2025 01:00,authorized,16-02-2025,1,Sunday,TRUE,Harry,HR,Executive,Active,15-01-2022,,FALSE,TRUE,0,1
466,EMP123,Pharmacy Room,16-02-2025 10:00,authorized,16-02-2025,10,Sunday,FALSE,Harry,HR,Executive,Active,15-01-2022,,FALSE,FALSE,0,0
467,EMP789,Storage Room,18-02-2025 02:00,authorized,18-02-2025,2,Tuesday,TRUE,Alice,SDE2,IT,Active,01-06-2021,,FALSE,TRUE,0,1
468,EMP456,Storage Room,17-02-2025 10:00,authorized,17-02-2025,10,Monday,FALSE,Ben,Sales,Executive,Terminated,20-03-2020,01-09-2023,TRUE,FALSE,1,0
469,EMP789,Main Entrance,23-02-2025 05:00,authorized,23-02-2025,5,Sunday,TRUE,Alice,SDE2,IT,Active,01-06-2021,,FALSE,TRUE,0,1
470,EMP789,Main Entrance,18-02-2025 06:00,authorized,18-02-2025,6,Tuesday,TRUE,Alice,SDE2,IT,Active,01-06-2021,,FALSE,TRUE,0,1
471,EMP123,Pharmacy Room,19-02-2025 18:00,authorized,19-02-2025,18,Wednesday,FALSE,Harry,HR,Executive,Active,15-01-2022,,FALSE,FALSE,0,0
472,EMP123,Pharmacy Room,18-02-2025 03:00,authorized,18-02-2025,3,Tuesday,TRUE,Harry,HR,Executive,Active,15-01-2022,,FALSE,TRUE,0,1
473,EMP123,Storage Room,24-02-2025 04:00,authorized,24-02-2025,4,Monday,TRUE,Harry,HR,Executive,Active,15-01-2022,,FALSE,TRUE,0,1
474,EMP456,Storage Room,17-02-2025 01:00,authorized,17-02-2025,1,Monday,TRUE,Ben,Sales,Executive,Terminated,20-03-2020,01-09-2023,TRUE,TRUE,1,1
475,EMP123,Pharmacy Room,19-02-2025 13:00,authorized,19-02-2025,13,Wednesday,FALSE,Harry,HR,Executive,Active,15-01-2022,,FALSE,FALSE,0,0
476,EMP123,Main Entrance,24-02-2025 03:00,authorized,24-02-2025,3,Monday,TRUE,Harry,HR,Executive,Active,15-01-2022,,FALSE,TRUE,0,1
477,EMP123,Pharmacy Room,22-02-2025 20:00,authorized,22-02-2025,20,Saturday,TRUE,Harry,HR,Executive,Active,15-01-2022,,FALSE,TRUE,0,1
478,EMP123,Main Entrance,20-02-2025 18:00,authorized,20-02-2025,18,Thursday,FALSE,Harry,HR,Executive,Active,15-01-2022,,FALSE,FALSE,0,0
479,EMP789,Storage Room,20-02-2025 01:00,authorized,20-02-2025,1,Thursday,TRUE,Alice,SDE2,IT,Active,01-06-2021,,FALSE,TRUE,0,1
480,EMP789,Pharmacy Room,20-02-2025 02:00,authorized,20-02-2025,2,Thursday,TRUE,Alice,SDE2,IT,Active,01-06-2021,,FALSE,TRUE,0,1
481,EMP123,Main Entrance,22-02-2025 13:00,authorized,22-02-2025,13,Saturday,FALSE,Harry,HR,Executive,Active,15-01-2022,,FALSE,FALSE,0,0
482,EMP789,Storage Room,24-02-2025 13:00,authorized,24-02-2025,13,Monday,FALSE,Alice,SDE2,IT,Active,01-06-2021,,FALSE,FALSE,0,0
483,EMP456,Storage Room,20-02-2025 08:00,authorized,20-02-2025,8,Thursday,FALSE,Ben,Sales,Executive,Terminated,20-03-2020,01-09-2023,TRUE,FALSE,1,0
484,EMP789,Storage Room,24-02-2025 20:00,authorized,24-02-2025,20,Monday,TRUE,Alice,SDE2,IT,Active,01-06-2021,,FALSE,TRUE,0,1
485,EMP456,Pharmacy Room,22-02-2025 21:00,authorized,22-02-2025,21,Saturday,TRUE,Ben,Sales,Executive,Terminated,20-03-2020,01-09-2023,TRUE,TRUE,1,1
486,EMP123,Main Entrance,22-02-2025 18:00,authorized,22-02-2025,18,Saturday,FALSE,Harry,HR,Executive,Active,15-01-2022,,FALSE,FALSE,0,0
487,EMP123,Pharmacy Room,17-02-2025 00:00,authorized,17-02-2025,0,Monday,TRUE,Harry,HR,Executive,Active,15-01-2022,,FALSE,TRUE,0,1
488,EMP456,Storage Room,22-02-2025 09:00,authorized,22-02-2025,9,Saturday,FALSE,Ben,Sales,Executive,Terminated,20-03-2020,01-09-2023,TRUE,FALSE,1,0
489,EMP123,Pharmacy Room,24-02-2025 16:00,authorized,24-02-2025,16,Monday,FALSE,Harry,HR,Executive,Active,15-01-2022,,FALSE,FALSE,0,0
490,EMP123,Pharmacy Room,22-02-2025 18:00,authorized,22-02-2025,18,Saturday,FALSE,Harry,HR,Executive,Active,15-01-2022,,FALSE,FALSE,0,0
491,EMP789,Main Entrance,19-02-2025 13:00,authorized,19-02-2025,13,Wednesday,FALSE,Alice,SDE2,IT,Active,01-06-2021,,FALSE,FALSE,0,0
492,EMP789,Storage Room,19-02-2025 13:00,authorized,19-02-2025,13,Wednesday,FALSE,Alice,SDE2,IT,Active,01-06-2021,,FALSE,FALSE,0,0
493,EMP123,Storage Room,20-02-2025 22:00,authorized,20-02-2025,22,Thursday,TRUE,Harry,HR,Executive,Active,15-01-2022,,FALSE,TRUE,0,1
494,EMP456,Main Entrance,16-02-2025 03:00,authorized,16-02-2025,3,Sunday,TRUE,Ben,Sales,Executive,Terminated,20-03-2020,01-09-2023,TRUE,TRUE,1,1
495,EMP123,Main Entrance,16-02-2025 23:00,authorized,16-02-2025,23,Sunday,TRUE,Harry,HR,Executive,Active,15-01-2022,,FALSE,TRUE,0,1
496,EMP789,Storage Room,21-02-2025 07:00,authorized,21-02-2025,7,Friday,TRUE,Alice,SDE2,IT,Active,01-06-2021,,FALSE,TRUE,0,1
497,EMP789,Main Entrance,21-02-2025 20:00,authorized,21-02-2025,20,Friday,TRUE,Alice,SDE2,IT,Active,01-06-2021,,FALSE,TRUE,0,1
498,EMP456,Main Entrance,19-02-2025 08:00,authorized,19-02-2025,8,Wednesday,FALSE,Ben,Sales,Executive,Terminated,20-03-2020,01-09-2023,TRUE,FALSE,1,0
499,EMP789,Main Entrance,16-02-2025 16:00,authorized,16-02-2025,16,Sunday,FALSE,Alice,SDE2,IT,Active,01-06-2021,,FALSE,FALSE,0,0
500,EMP123,Storage Room,17-02-2025 07:00,authorized,17-02-2025,7,Monday,TRUE,Harry,HR,Executive,Active,15-01-2022,,FALSE,TRUE,0,1
